,Emission name,Unit ,Compartment,ecoinvent/simapro,ecoinvent_id,ecoinvent_unit_id,ecoinvet_casnumber,ecoinvent_formula,ecoinvent_name,ecoinvent_unit,ecoinvent_subcompartmentid,ecoinvent_compartment,ecoinvent_subcompartment,ecoinvent_synonym
0,"Carbon dioxide, fossil",tonnes,air,"Air - Carbon dioxide, fossil",349b29d1-3e58-4c66-98b9-9d1a076efd2e,487df68b-4994-4027-8fdc-a4dc298257b7,000124-38-9,,"Carbon dioxide, fossil",kg,7011f0aa-f5f9-4901-8c10-884ad8296812,air,unspecified,
1,"Carbon dioxide, fossil",tonnes,air,"Air - Carbon dioxide, fossil",e259263c-d1f1-449f-bb9b-73c6d0a32a00,487df68b-4994-4027-8fdc-a4dc298257b7,000124-38-9,,"Carbon dioxide, fossil",kg,23dbff79-8037-43e7-b270-5a3da416a284,air,"low population density, long-term",
2,"Carbon dioxide, fossil",tonnes,air,"Air - Carbon dioxide, fossil",16eeda8a-1ea2-408e-ab37-2648495058dd,487df68b-4994-4027-8fdc-a4dc298257b7,000124-38-9,,"Carbon dioxide, fossil",kg,f335ce0e-b830-475a-adab-03858d9cbdaf,air,lower stratosphere + upper troposphere,
3,"Carbon dioxide, fossil",tonnes,air,"Air - Carbon dioxide, fossil",aa7cac3a-3625-41d4-bc54-33e2cf11ec46,487df68b-4994-4027-8fdc-a4dc298257b7,000124-38-9,,"Carbon dioxide, fossil",kg,be7e06e9-0bf5-462e-99dc-fe4aee383c48,air,non-urban air or from high stacks,
4,"Carbon dioxide, fossil",tonnes,air,"Air - Carbon dioxide, fossil",f9749677-9c9f-4678-ab55-c607dfdc2cb9,487df68b-4994-4027-8fdc-a4dc298257b7,000124-38-9,,"Carbon dioxide, fossil",kg,e8d7772c-55ca-4dd7-b605-fee5ae764578,air,urban air close to ground,
5,N2O,tonnes,air,Air - Dinitrogen monoxide,20185046-64bb-4c09-a8e7-e8a9e144ca98,487df68b-4994-4027-8fdc-a4dc298257b7,010024-97-2,,Dinitrogen monoxide,kg,7011f0aa-f5f9-4901-8c10-884ad8296812,air,unspecified,
6,N2O,tonnes,air,Air - Dinitrogen monoxide,81305cda-63f1-4c1a-99c6-2c2568550ec4,487df68b-4994-4027-8fdc-a4dc298257b7,010024-97-2,,Dinitrogen monoxide,kg,23dbff79-8037-43e7-b270-5a3da416a284,air,"low population density, long-term",Stickstoffdioxid
7,N2O,tonnes,air,Air - Dinitrogen monoxide,473826ae-125a-4b02-8c8e-c84322491d80,487df68b-4994-4027-8fdc-a4dc298257b7,010024-97-2,,Dinitrogen monoxide,kg,f335ce0e-b830-475a-adab-03858d9cbdaf,air,lower stratosphere + upper troposphere,Stickstoffdioxid
8,N2O,tonnes,air,Air - Dinitrogen monoxide,afd6d670-bbb0-4625-9730-04088a5b035e,487df68b-4994-4027-8fdc-a4dc298257b7,010024-97-2,,Dinitrogen monoxide,kg,be7e06e9-0bf5-462e-99dc-fe4aee383c48,air,non-urban air or from high stacks,
9,N2O,tonnes,air,Air - Dinitrogen monoxide,6dc1b46f-ee89-4495-95c4-b8a637bcd6cb,487df68b-4994-4027-8fdc-a4dc298257b7,010024-97-2,,Dinitrogen monoxide,kg,e8d7772c-55ca-4dd7-b605-fee5ae764578,air,urban air close to ground,
10,CH4,tonnes,air,"Air - Methane, biogenic",0795345f-c7ae-410c-ad25-1845784c75f5,487df68b-4994-4027-8fdc-a4dc298257b7,000074-82-8,,"Methane, fossil",kg,7011f0aa-f5f9-4901-8c10-884ad8296812,air,unspecified,
11,CH4,tonnes,air,"Air - Methane, biogenic",f3bd723a-5276-4ae8-9860-b89537351a90,487df68b-4994-4027-8fdc-a4dc298257b7,000074-82-8,,"Methane, fossil",kg,23dbff79-8037-43e7-b270-5a3da416a284,air,"low population density, long-term",
12,CH4,tonnes,air,"Air - Methane, biogenic",6b1b495b-70ee-4be6-b1c2-3031aa4d6add,487df68b-4994-4027-8fdc-a4dc298257b7,000074-82-8,,"Methane, fossil",kg,f335ce0e-b830-475a-adab-03858d9cbdaf,air,lower stratosphere + upper troposphere,
13,CH4,tonnes,air,"Air - Methane, biogenic",70ef743b-3ed5-4a6d-b192-fb6d62378555,487df68b-4994-4027-8fdc-a4dc298257b7,000074-82-8,,"Methane, fossil",kg,be7e06e9-0bf5-462e-99dc-fe4aee383c48,air,non-urban air or from high stacks,
14,CH4,tonnes,air,"Air - Methane, biogenic",5f7aad3d-566c-4d0d-ad59-e765f971aa0f,487df68b-4994-4027-8fdc-a4dc298257b7,000074-82-8,,"Methane, fossil",kg,e8d7772c-55ca-4dd7-b605-fee5ae764578,air,urban air close to ground,
15,HFCs,tonnes,air,Air - HFC as CO2-eq,e87f039d-d9ce-4242-ac18-c9284cc80f3d,487df68b-4994-4027-8fdc-a4dc298257b7,000811-97-2,,"Ethane, 1,1,1,2-tetrafluoro-, HFC-134a",kg,7011f0aa-f5f9-4901-8c10-884ad8296812,air,unspecified,R134a
16,HFCs,tonnes,air,Air - HFC as CO2-eq,647ae26f-f2fe-44cb-ac81-39bb7736f28e,487df68b-4994-4027-8fdc-a4dc298257b7,000811-97-2,,"Ethane, 1,1,1,2-tetrafluoro-, HFC-134a",kg,23dbff79-8037-43e7-b270-5a3da416a284,air,"low population density, long-term",R134a
17,HFCs,tonnes,air,Air - HFC as CO2-eq,75fe1a2c-49fa-49e4-90f1-8f102508a96d,487df68b-4994-4027-8fdc-a4dc298257b7,000811-97-2,,"Ethane, 1,1,1,2-tetrafluoro-, HFC-134a",kg,f335ce0e-b830-475a-adab-03858d9cbdaf,air,lower stratosphere + upper troposphere,R134a
18,HFCs,tonnes,air,Air - HFC as CO2-eq,16fcd4f9-0bb8-4b84-8334-3ffb1a17aa74,487df68b-4994-4027-8fdc-a4dc298257b7,000811-97-2,,"Ethane, 1,1,1,2-tetrafluoro-, HFC-134a",kg,be7e06e9-0bf5-462e-99dc-fe4aee383c48,air,non-urban air or from high stacks,
19,HFCs,tonnes,air,Air - HFC as CO2-eq,fa0c2bee-8dd9-4f8a-8489-b1f3b43de958,487df68b-4994-4027-8fdc-a4dc298257b7,000811-97-2,,"Ethane, 1,1,1,2-tetrafluoro-, HFC-134a",kg,e8d7772c-55ca-4dd7-b605-fee5ae764578,air,urban air close to ground,R134a
20,HFCs,tonnes,air,Air - HFC as CO2-eq,e86bfec2-1025-4fa2-90b1-81e35e621e91,487df68b-4994-4027-8fdc-a4dc298257b7,000420-46-2,,"Ethane, 1,1,1-trifluoro-, HFC-143a",kg,7011f0aa-f5f9-4901-8c10-884ad8296812,air,unspecified,R143a
21,HFCs,tonnes,air,Air - HFC as CO2-eq,bf580c6b-1b4d-429d-bed7-1e335920941f,487df68b-4994-4027-8fdc-a4dc298257b7,000420-46-2,,"Ethane, 1,1,1-trifluoro-, HFC-143a",kg,23dbff79-8037-43e7-b270-5a3da416a284,air,"low population density, long-term",R143a
22,HFCs,tonnes,air,Air - HFC as CO2-eq,5eb2d548-1694-496d-b3bd-a439984fca7d,487df68b-4994-4027-8fdc-a4dc298257b7,000420-46-2,,"Ethane, 1,1,1-trifluoro-, HFC-143a",kg,f335ce0e-b830-475a-adab-03858d9cbdaf,air,lower stratosphere + upper troposphere,R143a
23,HFCs,tonnes,air,Air - HFC as CO2-eq,5253e322-7de5-42aa-9167-daf22ff44031,487df68b-4994-4027-8fdc-a4dc298257b7,000420-46-2,,"Ethane, 1,1,1-trifluoro-, HFC-143a",kg,be7e06e9-0bf5-462e-99dc-fe4aee383c48,air,non-urban air or from high stacks,R143a
24,HFCs,tonnes,air,Air - HFC as CO2-eq,f43b2b80-f5a6-4d31-9980-0754305a978d,487df68b-4994-4027-8fdc-a4dc298257b7,000420-46-2,,"Ethane, 1,1,1-trifluoro-, HFC-143a",kg,e8d7772c-55ca-4dd7-b605-fee5ae764578,air,urban air close to ground,R143a
25,HFCs,tonnes,air,Air - HFC as CO2-eq,9cf9bf0e-86fe-42c0-90cc-bfed96fbdc8f,487df68b-4994-4027-8fdc-a4dc298257b7,000075-37-6,,"Ethane, 1,1-difluoro-, HFC-152a",kg,7011f0aa-f5f9-4901-8c10-884ad8296812,air,unspecified,R152a
26,HFCs,tonnes,air,Air - HFC as CO2-eq,94ca9e00-5268-4663-a0cd-25026c7c6b53,487df68b-4994-4027-8fdc-a4dc298257b7,000075-37-6,,"Ethane, 1,1-difluoro-, HFC-152a",kg,23dbff79-8037-43e7-b270-5a3da416a284,air,"low population density, long-term",R152a
27,HFCs,tonnes,air,Air - HFC as CO2-eq,fff3d2db-2784-4044-a6a2-2bc7242456ee,487df68b-4994-4027-8fdc-a4dc298257b7,000075-37-6,,"Ethane, 1,1-difluoro-, HFC-152a",kg,f335ce0e-b830-475a-adab-03858d9cbdaf,air,lower stratosphere + upper troposphere,R152a
28,HFCs,tonnes,air,Air - HFC as CO2-eq,1c4a106a-53bc-40f5-bcae-d30ab191dbfe,487df68b-4994-4027-8fdc-a4dc298257b7,000075-37-6,,"Ethane, 1,1-difluoro-, HFC-152a",kg,be7e06e9-0bf5-462e-99dc-fe4aee383c48,air,non-urban air or from high stacks,R152a
29,HFCs,tonnes,air,Air - HFC as CO2-eq,393d0862-04cc-45ae-8d08-9dc2a4461b35,487df68b-4994-4027-8fdc-a4dc298257b7,000075-37-6,,"Ethane, 1,1-difluoro-, HFC-152a",kg,e8d7772c-55ca-4dd7-b605-fee5ae764578,air,urban air close to ground,R152a
30,HFCs,tonnes,air,Air - HFC as CO2-eq,acc39720-dda7-4b3a-80c7-c6394cad4191,487df68b-4994-4027-8fdc-a4dc298257b7,000076-16-4,,"Ethane, hexafluoro-, HFC-116",kg,7011f0aa-f5f9-4901-8c10-884ad8296812,air,unspecified,
31,HFCs,tonnes,air,Air - HFC as CO2-eq,b7e0bddf-7b8a-43f4-9319-6f4b3d9fa65a,487df68b-4994-4027-8fdc-a4dc298257b7,000076-16-4,,"Ethane, hexafluoro-, HFC-116",kg,23dbff79-8037-43e7-b270-5a3da416a284,air,"low population density, long-term",R116
32,HFCs,tonnes,air,Air - HFC as CO2-eq,7f62f535-e81a-476c-9c39-4d59f289db1a,487df68b-4994-4027-8fdc-a4dc298257b7,000076-16-4,,"Ethane, hexafluoro-, HFC-116",kg,f335ce0e-b830-475a-adab-03858d9cbdaf,air,lower stratosphere + upper troposphere,R116
33,HFCs,tonnes,air,Air - HFC as CO2-eq,8f3e0579-d07d-48c9-b41a-fb559728f9c0,487df68b-4994-4027-8fdc-a4dc298257b7,000076-16-4,,"Ethane, hexafluoro-, HFC-116",kg,be7e06e9-0bf5-462e-99dc-fe4aee383c48,air,non-urban air or from high stacks,R116
34,HFCs,tonnes,air,Air - HFC as CO2-eq,df5dd437-2e12-4af6-8f7a-9c8224857dc5,487df68b-4994-4027-8fdc-a4dc298257b7,000076-16-4,,"Ethane, hexafluoro-, HFC-116",kg,e8d7772c-55ca-4dd7-b605-fee5ae764578,air,urban air close to ground,R116
35,HFCs,tonnes,air,Air - HFC as CO2-eq,281e1011-f121-4d5b-ad4d-22d562b2c2cd,487df68b-4994-4027-8fdc-a4dc298257b7,000354-33-6,,"Ethane, pentafluoro-, HFC-125",kg,7011f0aa-f5f9-4901-8c10-884ad8296812,air,unspecified,R125
36,HFCs,tonnes,air,Air - HFC as CO2-eq,dc9520c7-6e4a-42fb-b1f6-9fa8f34667a4,487df68b-4994-4027-8fdc-a4dc298257b7,000354-33-6,,"Ethane, pentafluoro-, HFC-125",kg,23dbff79-8037-43e7-b270-5a3da416a284,air,"low population density, long-term",R125
37,HFCs,tonnes,air,Air - HFC as CO2-eq,40022b1f-8906-4c54-a074-bf1a3fc9b13f,487df68b-4994-4027-8fdc-a4dc298257b7,000354-33-6,,"Ethane, pentafluoro-, HFC-125",kg,f335ce0e-b830-475a-adab-03858d9cbdaf,air,lower stratosphere + upper troposphere,R125
38,HFCs,tonnes,air,Air - HFC as CO2-eq,84386543-b148-465b-9265-ad638c12e263,487df68b-4994-4027-8fdc-a4dc298257b7,000354-33-6,,"Ethane, pentafluoro-, HFC-125",kg,be7e06e9-0bf5-462e-99dc-fe4aee383c48,air,non-urban air or from high stacks,R125
39,HFCs,tonnes,air,Air - HFC as CO2-eq,5d1701c5-c4ef-49c7-8a68-ce7c255eee9f,487df68b-4994-4027-8fdc-a4dc298257b7,000354-33-6,,"Ethane, pentafluoro-, HFC-125",kg,e8d7772c-55ca-4dd7-b605-fee5ae764578,air,urban air close to ground,R125
40,HFCs,tonnes,air,Air - HFC as CO2-eq,151212b4-079b-43a2-96d5-a6eef59166ac,487df68b-4994-4027-8fdc-a4dc298257b7,1975-10-5,,"Methane, difluoro-, HFC-32",kg,7011f0aa-f5f9-4901-8c10-884ad8296812,air,unspecified,
41,HFCs,tonnes,air,Air - HFC as CO2-eq,33a791a2-a1e7-446b-b25a-b3be6159bae4,487df68b-4994-4027-8fdc-a4dc298257b7,1975-10-5,,"Methane, difluoro-, HFC-32",kg,23dbff79-8037-43e7-b270-5a3da416a284,air,"low population density, long-term",
42,HFCs,tonnes,air,Air - HFC as CO2-eq,20d0fc73-b9ce-4001-ac15-893b30ed10a3,487df68b-4994-4027-8fdc-a4dc298257b7,1975-10-5,,"Methane, difluoro-, HFC-32",kg,f335ce0e-b830-475a-adab-03858d9cbdaf,air,lower stratosphere + upper troposphere,
43,HFCs,tonnes,air,Air - HFC as CO2-eq,8fbe2c56-c213-4501-b95e-ff57a76fbd6f,487df68b-4994-4027-8fdc-a4dc298257b7,1975-10-5,,"Methane, difluoro-, HFC-32",kg,be7e06e9-0bf5-462e-99dc-fe4aee383c48,air,non-urban air or from high stacks,
44,HFCs,tonnes,air,Air - HFC as CO2-eq,c9028b09-c12d-421b-9944-7d145e196ebc,487df68b-4994-4027-8fdc-a4dc298257b7,1975-10-5,,"Methane, difluoro-, HFC-32",kg,e8d7772c-55ca-4dd7-b605-fee5ae764578,air,urban air close to ground,
45,HFCs,tonnes,air,Air - HFC as CO2-eq,e5ba3517-a93f-422e-9ce2-f1007fcf6c06,487df68b-4994-4027-8fdc-a4dc298257b7,000075-46-7,,"Methane, trifluoro-, HFC-23",kg,7011f0aa-f5f9-4901-8c10-884ad8296812,air,unspecified,R23
46,HFCs,tonnes,air,Air - HFC as CO2-eq,dc78690a-2b0a-49fc-8272-b811fb25ff6c,487df68b-4994-4027-8fdc-a4dc298257b7,000075-46-7,,"Methane, trifluoro-, HFC-23",kg,23dbff79-8037-43e7-b270-5a3da416a284,air,"low population density, long-term",R23
47,HFCs,tonnes,air,Air - HFC as CO2-eq,a3724600-89c1-4f35-97c9-0de3adbadc8b,487df68b-4994-4027-8fdc-a4dc298257b7,000075-46-7,,"Methane, trifluoro-, HFC-23",kg,f335ce0e-b830-475a-adab-03858d9cbdaf,air,lower stratosphere + upper troposphere,R23
48,HFCs,tonnes,air,Air - HFC as CO2-eq,5e2e1740-1bb9-4157-b816-6cb5aa006437,487df68b-4994-4027-8fdc-a4dc298257b7,000075-46-7,,"Methane, trifluoro-, HFC-23",kg,be7e06e9-0bf5-462e-99dc-fe4aee383c48,air,non-urban air or from high stacks,R23
49,HFCs,tonnes,air,Air - HFC as CO2-eq,8f87dcf1-0177-4d62-bea0-a5dd8647ef8c,487df68b-4994-4027-8fdc-a4dc298257b7,000075-46-7,,"Methane, trifluoro-, HFC-23",kg,e8d7772c-55ca-4dd7-b605-fee5ae764578,air,urban air close to ground,R23
50,PFCs,tonnes,air,Air - PFC as CO2-eq,,,,,,,,,,
51,SF6,tonnes,air,Air - Sulfur hexafluoride,35d1dff5-b535-4628-9826-4a8fce08a1f2,487df68b-4994-4027-8fdc-a4dc298257b7,002551-62-4,,Sulfur hexafluoride,kg,7011f0aa-f5f9-4901-8c10-884ad8296812,air,unspecified,
52,SF6,tonnes,air,Air - Sulfur hexafluoride,acbae70a-5450-448f-9038-c403cb496e1a,487df68b-4994-4027-8fdc-a4dc298257b7,002551-62-4,,Sulfur hexafluoride,kg,23dbff79-8037-43e7-b270-5a3da416a284,air,"low population density, long-term",
53,SF6,tonnes,air,Air - Sulfur hexafluoride,44e4d1ce-fa79-4ed5-93f9-445c4ff8df2e,487df68b-4994-4027-8fdc-a4dc298257b7,002551-62-4,,Sulfur hexafluoride,kg,f335ce0e-b830-475a-adab-03858d9cbdaf,air,lower stratosphere + upper troposphere,
54,SF6,tonnes,air,Air - Sulfur hexafluoride,c7c769bb-89b9-4459-afed-e3acecd39339,487df68b-4994-4027-8fdc-a4dc298257b7,002551-62-4,,Sulfur hexafluoride,kg,be7e06e9-0bf5-462e-99dc-fe4aee383c48,air,non-urban air or from high stacks,
55,SF6,tonnes,air,Air - Sulfur hexafluoride,856c9aa2-c20c-49a8-9417-c71bdb5f17b0,487df68b-4994-4027-8fdc-a4dc298257b7,002551-62-4,,Sulfur hexafluoride,kg,e8d7772c-55ca-4dd7-b605-fee5ae764578,air,urban air close to ground,
56,NOX ,tonnes,air,Air - Nitrogen oxides,c1b91234-6f24-417b-8309-46111d09c457,487df68b-4994-4027-8fdc-a4dc298257b7,011104-93-1,,Nitrogen oxides,kg,7011f0aa-f5f9-4901-8c10-884ad8296812,air,unspecified,
57,NOX ,tonnes,air,Air - Nitrogen oxides,9115356e-a534-4329-9ec6-d9208720241b,487df68b-4994-4027-8fdc-a4dc298257b7,011104-93-1,,Nitrogen oxides,kg,23dbff79-8037-43e7-b270-5a3da416a284,air,"low population density, long-term",
58,NOX ,tonnes,air,Air - Nitrogen oxides,4841a0fe-c250-4a39-94a1-1bc31426c0f1,487df68b-4994-4027-8fdc-a4dc298257b7,011104-93-1,,Nitrogen oxides,kg,f335ce0e-b830-475a-adab-03858d9cbdaf,air,lower stratosphere + upper troposphere,
59,NOX ,tonnes,air,Air - Nitrogen oxides,77357947-ccc5-438e-9996-95e65e1e1bce,487df68b-4994-4027-8fdc-a4dc298257b7,011104-93-1,,Nitrogen oxides,kg,be7e06e9-0bf5-462e-99dc-fe4aee383c48,air,non-urban air or from high stacks,
60,NOX ,tonnes,air,Air - Nitrogen oxides,d068f3e2-b033-417b-a359-ca4f25da9731,487df68b-4994-4027-8fdc-a4dc298257b7,011104-93-1,,Nitrogen oxides,kg,e8d7772c-55ca-4dd7-b605-fee5ae764578,air,urban air close to ground,
61,SOx,tonnes,air,Air - Sulfur dioxide,fd7aa71c-508c-480d-81a6-8052aad92646,487df68b-4994-4027-8fdc-a4dc298257b7,7446-09-05,,Sulfur dioxide,kg,7011f0aa-f5f9-4901-8c10-884ad8296812,air,unspecified,
62,SOx,tonnes,air,Air - Sulfur dioxide,6ce44f77-d181-4396-8fa2-2276eeeb4c08,487df68b-4994-4027-8fdc-a4dc298257b7,7446-09-05,,Sulfur dioxide,kg,23dbff79-8037-43e7-b270-5a3da416a284,air,"low population density, long-term",Sulfur oxides
63,SOx,tonnes,air,Air - Sulfur dioxide,16521d00-4b6f-464f-b5dd-8da4a27b15ca,487df68b-4994-4027-8fdc-a4dc298257b7,7446-09-05,,Sulfur dioxide,kg,f335ce0e-b830-475a-adab-03858d9cbdaf,air,lower stratosphere + upper troposphere,Sulfur oxides
64,SOx,tonnes,air,Air - Sulfur dioxide,78c3efe4-421c-4d30-82e4-b97ac5124993,487df68b-4994-4027-8fdc-a4dc298257b7,7446-09-05,,Sulfur dioxide,kg,be7e06e9-0bf5-462e-99dc-fe4aee383c48,air,non-urban air or from high stacks,
65,SOx,tonnes,air,Air - Sulfur dioxide,8c52f40c-69b7-4538-8923-b371523c71f5,487df68b-4994-4027-8fdc-a4dc298257b7,7446-09-05,,Sulfur dioxide,kg,e8d7772c-55ca-4dd7-b605-fee5ae764578,air,urban air close to ground,
66,NH3,tonnes,air,Air - Ammonia,87883a4e-1e3e-4c9d-90c0-f1bea36f8014,487df68b-4994-4027-8fdc-a4dc298257b7,007664-41-7,,Ammonia,kg,7011f0aa-f5f9-4901-8c10-884ad8296812,air,unspecified,
67,NH3,tonnes,air,Air - Ammonia,2b50f643-216a-412b-a0e5-5946867aa2ed,487df68b-4994-4027-8fdc-a4dc298257b7,007664-41-7,,Ammonia,kg,23dbff79-8037-43e7-b270-5a3da416a284,air,"low population density, long-term",
68,NH3,tonnes,air,Air - Ammonia,8494ed3c-0416-4aa5-b100-51a2b2bcadbd,487df68b-4994-4027-8fdc-a4dc298257b7,007664-41-7,,Ammonia,kg,f335ce0e-b830-475a-adab-03858d9cbdaf,air,lower stratosphere + upper troposphere,
69,NH3,tonnes,air,Air - Ammonia,0f440cc0-0f74-446d-99d6-8ff0e97a2444,487df68b-4994-4027-8fdc-a4dc298257b7,007664-41-7,,Ammonia,kg,be7e06e9-0bf5-462e-99dc-fe4aee383c48,air,non-urban air or from high stacks,
70,NH3,tonnes,air,Air - Ammonia,9990b51b-7023-4700-bca0-1a32ef921f74,487df68b-4994-4027-8fdc-a4dc298257b7,007664-41-7,,Ammonia,kg,e8d7772c-55ca-4dd7-b605-fee5ae764578,air,urban air close to ground,
71,NMVOC,tonnes,air,"Air - NMVOC, non-methane volatile organic compounds, unspecified origin",d3260d0e-8203-4cbb-a45a-6a13131a5108,487df68b-4994-4027-8fdc-a4dc298257b7,,,"NMVOC, non-methane volatile organic compounds, unspecified origin",kg,7011f0aa-f5f9-4901-8c10-884ad8296812,air,unspecified,
72,NMVOC,tonnes,air,"Air - NMVOC, non-methane volatile organic compounds, unspecified origin",3f5339ef-1939-4f44-8cd6-98ac7584d456,487df68b-4994-4027-8fdc-a4dc298257b7,,,"NMVOC, non-methane volatile organic compounds, unspecified origin",kg,23dbff79-8037-43e7-b270-5a3da416a284,air,"low population density, long-term",not including single substances
73,NMVOC,tonnes,air,"Air - NMVOC, non-methane volatile organic compounds, unspecified origin",36c96aed-9335-4564-8cdd-46f01a13700c,487df68b-4994-4027-8fdc-a4dc298257b7,,,"NMVOC, non-methane volatile organic compounds, unspecified origin",kg,f335ce0e-b830-475a-adab-03858d9cbdaf,air,lower stratosphere + upper troposphere,not including single substances
74,NMVOC,tonnes,air,"Air - NMVOC, non-methane volatile organic compounds, unspecified origin",33b38ccb-593b-4b11-b965-10d747ba3556,487df68b-4994-4027-8fdc-a4dc298257b7,,,"NMVOC, non-methane volatile organic compounds, unspecified origin",kg,be7e06e9-0bf5-462e-99dc-fe4aee383c48,air,non-urban air or from high stacks,
75,NMVOC,tonnes,air,"Air - NMVOC, non-methane volatile organic compounds, unspecified origin",175baa64-d985-4c5e-84ef-67cc3a1cf952,487df68b-4994-4027-8fdc-a4dc298257b7,,,"NMVOC, non-methane volatile organic compounds, unspecified origin",kg,e8d7772c-55ca-4dd7-b605-fee5ae764578,air,urban air close to ground,
76,CO ,tonnes,air,"Air - Carbon monoxide, fossil",ba2f3f82-c93a-47a5-822a-37ec97495275,487df68b-4994-4027-8fdc-a4dc298257b7,000630-08-0,,"Carbon monoxide, fossil",kg,7011f0aa-f5f9-4901-8c10-884ad8296812,air,unspecified,
77,CO ,tonnes,air,"Air - Carbon monoxide, fossil",49c594c6-b6a8-42a3-95c5-cca812fda80b,487df68b-4994-4027-8fdc-a4dc298257b7,000630-08-0,,"Carbon monoxide, fossil",kg,23dbff79-8037-43e7-b270-5a3da416a284,air,"low population density, long-term",
78,CO ,tonnes,air,"Air - Carbon monoxide, fossil",a3beb5ac-5149-47f6-a035-53fc5030f10a,487df68b-4994-4027-8fdc-a4dc298257b7,000630-08-0,,"Carbon monoxide, fossil",kg,f335ce0e-b830-475a-adab-03858d9cbdaf,air,lower stratosphere + upper troposphere,
79,CO ,tonnes,air,"Air - Carbon monoxide, fossil",099b36ab-4c03-4587-87f4-2f81e337afb8,487df68b-4994-4027-8fdc-a4dc298257b7,000630-08-0,,"Carbon monoxide, fossil",kg,be7e06e9-0bf5-462e-99dc-fe4aee383c48,air,non-urban air or from high stacks,
80,CO ,tonnes,air,"Air - Carbon monoxide, fossil",6edcc2df-88a3-48e1-83d8-ffc38d31c35b,487df68b-4994-4027-8fdc-a4dc298257b7,000630-08-0,,"Carbon monoxide, fossil",kg,e8d7772c-55ca-4dd7-b605-fee5ae764578,air,urban air close to ground,
81,CFCs,tonnes,air,Air - CFC as CO2-eq,cacfd448-6c2d-4061-9363-fd506b979f25,487df68b-4994-4027-8fdc-a4dc298257b7,000076-13-1,,"Ethane, 1,1,2-trichloro-1,2,2-trifluoro-, CFC-113",kg,7011f0aa-f5f9-4901-8c10-884ad8296812,air,unspecified,R113
82,CFCs,tonnes,air,Air - CFC as CO2-eq,d2025041-20ee-41bb-b2c8-47631e839ff0,487df68b-4994-4027-8fdc-a4dc298257b7,000076-13-1,,"Ethane, 1,1,2-trichloro-1,2,2-trifluoro-, CFC-113",kg,23dbff79-8037-43e7-b270-5a3da416a284,air,"low population density, long-term",R113
83,CFCs,tonnes,air,Air - CFC as CO2-eq,53b87932-00c8-4bf4-b519-ecd3c401ed4d,487df68b-4994-4027-8fdc-a4dc298257b7,000076-13-1,,"Ethane, 1,1,2-trichloro-1,2,2-trifluoro-, CFC-113",kg,f335ce0e-b830-475a-adab-03858d9cbdaf,air,lower stratosphere + upper troposphere,"R113;Ethane, 1,1,2-trichloro-1,2,2-trifluoro-, CFC-113"
84,CFCs,tonnes,air,Air - CFC as CO2-eq,47c12d99-c2dc-41cf-bad1-cd31c2fe0421,487df68b-4994-4027-8fdc-a4dc298257b7,000076-13-1,,"Ethane, 1,1,2-trichloro-1,2,2-trifluoro-, CFC-113",kg,be7e06e9-0bf5-462e-99dc-fe4aee383c48,air,non-urban air or from high stacks,R113
85,CFCs,tonnes,air,Air - CFC as CO2-eq,9b132374-dce2-4ce0-86aa-53201b30f617,487df68b-4994-4027-8fdc-a4dc298257b7,000076-13-1,,"Ethane, 1,1,2-trichloro-1,2,2-trifluoro-, CFC-113",kg,e8d7772c-55ca-4dd7-b605-fee5ae764578,air,urban air close to ground,R113
86,CFCs,tonnes,air,Air - CFC as CO2-eq,8a3a44e4-e2f1-476d-9e9e-a90fda263fe3,487df68b-4994-4027-8fdc-a4dc298257b7,000076-14-2,,"Ethane, 1,2-dichloro-1,1,2,2-tetrafluoro-, CFC-114",kg,7011f0aa-f5f9-4901-8c10-884ad8296812,air,unspecified,R114
87,CFCs,tonnes,air,Air - CFC as CO2-eq,1e060d5a-cd41-4f30-9c93-272403b7e004,487df68b-4994-4027-8fdc-a4dc298257b7,000076-14-2,,"Ethane, 1,2-dichloro-1,1,2,2-tetrafluoro-, CFC-114",kg,23dbff79-8037-43e7-b270-5a3da416a284,air,"low population density, long-term",R114
88,CFCs,tonnes,air,Air - CFC as CO2-eq,7d05319a-1260-45e0-8872-d5ff1712ea7e,487df68b-4994-4027-8fdc-a4dc298257b7,000076-14-2,,"Ethane, 1,2-dichloro-1,1,2,2-tetrafluoro-, CFC-114",kg,f335ce0e-b830-475a-adab-03858d9cbdaf,air,lower stratosphere + upper troposphere,R114
89,CFCs,tonnes,air,Air - CFC as CO2-eq,1584734d-c5c8-42a5-aa51-0f6a92a9cc0d,487df68b-4994-4027-8fdc-a4dc298257b7,000076-14-2,,"Ethane, 1,2-dichloro-1,1,2,2-tetrafluoro-, CFC-114",kg,be7e06e9-0bf5-462e-99dc-fe4aee383c48,air,non-urban air or from high stacks,R114
90,CFCs,tonnes,air,Air - CFC as CO2-eq,3b30d058-02ef-4ed2-b357-5fc1a45c63e7,487df68b-4994-4027-8fdc-a4dc298257b7,000076-14-2,,"Ethane, 1,2-dichloro-1,1,2,2-tetrafluoro-, CFC-114",kg,e8d7772c-55ca-4dd7-b605-fee5ae764578,air,urban air close to ground,R114
91,CFCs,tonnes,air,Air - CFC as CO2-eq,ec8789e5-d140-4ca8-b7ef-b3abfd044414,487df68b-4994-4027-8fdc-a4dc298257b7,000076-15-3,,"Ethane, chloropentafluoro-, CFC-115",kg,7011f0aa-f5f9-4901-8c10-884ad8296812,air,unspecified,R115
92,CFCs,tonnes,air,Air - CFC as CO2-eq,4925cde1-9f43-43d3-bcf1-4865b8de6634,487df68b-4994-4027-8fdc-a4dc298257b7,000076-15-3,,"Ethane, chloropentafluoro-, CFC-115",kg,23dbff79-8037-43e7-b270-5a3da416a284,air,"low population density, long-term",R115
93,CFCs,tonnes,air,Air - CFC as CO2-eq,30533fd3-b19c-44fc-9a88-fb6b12409b47,487df68b-4994-4027-8fdc-a4dc298257b7,000076-15-3,,"Ethane, chloropentafluoro-, CFC-115",kg,f335ce0e-b830-475a-adab-03858d9cbdaf,air,lower stratosphere + upper troposphere,R115
94,CFCs,tonnes,air,Air - CFC as CO2-eq,6f8ce7a4-d66a-4593-9314-51778aa09d4b,487df68b-4994-4027-8fdc-a4dc298257b7,000076-15-3,,"Ethane, chloropentafluoro-, CFC-115",kg,be7e06e9-0bf5-462e-99dc-fe4aee383c48,air,non-urban air or from high stacks,R115
95,CFCs,tonnes,air,Air - CFC as CO2-eq,15e54d5b-aba2-40a6-9aa8-aa2b8c432129,487df68b-4994-4027-8fdc-a4dc298257b7,000076-15-3,,"Ethane, chloropentafluoro-, CFC-115",kg,e8d7772c-55ca-4dd7-b605-fee5ae764578,air,urban air close to ground,R115
96,CFCs,tonnes,air,Air - CFC as CO2-eq,e06e2e1e-ad87-49e2-a184-f2d1c48b7b46,487df68b-4994-4027-8fdc-a4dc298257b7,000075-72-9,,"Methane, chlorotrifluoro-, CFC-13",kg,7011f0aa-f5f9-4901-8c10-884ad8296812,air,unspecified,
97,CFCs,tonnes,air,Air - CFC as CO2-eq,5dfb74d2-fa15-4f2d-bf7c-5aa45a41ec7f,487df68b-4994-4027-8fdc-a4dc298257b7,000075-72-9,,"Methane, chlorotrifluoro-, CFC-13",kg,23dbff79-8037-43e7-b270-5a3da416a284,air,"low population density, long-term",
98,CFCs,tonnes,air,Air - CFC as CO2-eq,b9c1ac70-e2eb-4fcd-bc63-befa92866af5,487df68b-4994-4027-8fdc-a4dc298257b7,000075-72-9,,"Methane, chlorotrifluoro-, CFC-13",kg,f335ce0e-b830-475a-adab-03858d9cbdaf,air,lower stratosphere + upper troposphere,
99,CFCs,tonnes,air,Air - CFC as CO2-eq,23a9f33d-dbab-4fcc-8f49-1df731b0b827,487df68b-4994-4027-8fdc-a4dc298257b7,000075-72-9,,"Methane, chlorotrifluoro-, CFC-13",kg,be7e06e9-0bf5-462e-99dc-fe4aee383c48,air,non-urban air or from high stacks,
100,CFCs,tonnes,air,Air - CFC as CO2-eq,43bc4fc0-bfeb-46d6-b3de-f69c3ccd622a,487df68b-4994-4027-8fdc-a4dc298257b7,000075-72-9,,"Methane, chlorotrifluoro-, CFC-13",kg,e8d7772c-55ca-4dd7-b605-fee5ae764578,air,urban air close to ground,
101,CFCs,tonnes,air,Air - CFC as CO2-eq,c0e8ec60-a5ae-432e-97a5-cf76b6247a00,487df68b-4994-4027-8fdc-a4dc298257b7,000075-71-8,,"Methane, dichlorodifluoro-, CFC-12",kg,7011f0aa-f5f9-4901-8c10-884ad8296812,air,unspecified,
102,CFCs,tonnes,air,Air - CFC as CO2-eq,31f8976a-6f7d-487e-a850-eb495dbf0351,487df68b-4994-4027-8fdc-a4dc298257b7,000075-71-8,,"Methane, dichlorodifluoro-, CFC-12",kg,23dbff79-8037-43e7-b270-5a3da416a284,air,"low population density, long-term",
103,CFCs,tonnes,air,Air - CFC as CO2-eq,1013b9ec-a7b5-459c-be3d-74f61b9ce06e,487df68b-4994-4027-8fdc-a4dc298257b7,000075-71-8,,"Methane, dichlorodifluoro-, CFC-12",kg,f335ce0e-b830-475a-adab-03858d9cbdaf,air,lower stratosphere + upper troposphere,
104,CFCs,tonnes,air,Air - CFC as CO2-eq,e93ba406-3df8-4e34-be54-0d556b2bb629,487df68b-4994-4027-8fdc-a4dc298257b7,000075-71-8,,"Methane, dichlorodifluoro-, CFC-12",kg,be7e06e9-0bf5-462e-99dc-fe4aee383c48,air,non-urban air or from high stacks,
105,CFCs,tonnes,air,Air - CFC as CO2-eq,31a3e44c-4098-461e-aba2-f79540e05087,487df68b-4994-4027-8fdc-a4dc298257b7,000075-71-8,,"Methane, dichlorodifluoro-, CFC-12",kg,e8d7772c-55ca-4dd7-b605-fee5ae764578,air,urban air close to ground,
106,CFCs,tonnes,air,Air - CFC as CO2-eq,51e99a55-bcdb-4d18-9484-6de4b142e09d,487df68b-4994-4027-8fdc-a4dc298257b7,000075-69-4,,"Methane, trichlorofluoro-, CFC-11",kg,7011f0aa-f5f9-4901-8c10-884ad8296812,air,unspecified,R11
107,CFCs,tonnes,air,Air - CFC as CO2-eq,3feb6415-ae50-4bb7-b9d1-c18d99f8a87f,487df68b-4994-4027-8fdc-a4dc298257b7,000075-69-4,,"Methane, trichlorofluoro-, CFC-11",kg,23dbff79-8037-43e7-b270-5a3da416a284,air,"low population density, long-term",R11
108,CFCs,tonnes,air,Air - CFC as CO2-eq,6e61b542-5681-44f4-afcb-e30368bca420,487df68b-4994-4027-8fdc-a4dc298257b7,000075-69-4,,"Methane, trichlorofluoro-, CFC-11",kg,f335ce0e-b830-475a-adab-03858d9cbdaf,air,lower stratosphere + upper troposphere,R11
109,CFCs,tonnes,air,Air - CFC as CO2-eq,a916ca1b-4ece-4630-a563-ae3253efc04f,487df68b-4994-4027-8fdc-a4dc298257b7,000075-69-4,,"Methane, trichlorofluoro-, CFC-11",kg,be7e06e9-0bf5-462e-99dc-fe4aee383c48,air,non-urban air or from high stacks,R11
110,CFCs,tonnes,air,Air - CFC as CO2-eq,33a69662-583b-45b8-8cb9-94f59fca9133,487df68b-4994-4027-8fdc-a4dc298257b7,000075-69-4,,"Methane, trichlorofluoro-, CFC-11",kg,e8d7772c-55ca-4dd7-b605-fee5ae764578,air,urban air close to ground,R11
111,HCFCs,tonnes,air,Air - HCFC as CO2-eq,ce6294f5-2ed7-46ee-a967-33e265e34455,487df68b-4994-4027-8fdc-a4dc298257b7,000071-55-6,,"Ethane, 1,1,1-trichloro-, HCFC-140",kg,7011f0aa-f5f9-4901-8c10-884ad8296812,air,unspecified,
112,HCFCs,tonnes,air,Air - HCFC as CO2-eq,f8ee4881-a003-4e18-aa2a-d9daf97d76f7,487df68b-4994-4027-8fdc-a4dc298257b7,000071-55-6,,"Ethane, 1,1,1-trichloro-, HCFC-140",kg,23dbff79-8037-43e7-b270-5a3da416a284,air,"low population density, long-term","1,1,1-Trichlorethan"
113,HCFCs,tonnes,air,Air - HCFC as CO2-eq,9e7d019f-c8c0-4631-9bbb-ced3e081c90d,487df68b-4994-4027-8fdc-a4dc298257b7,000071-55-6,,"Ethane, 1,1,1-trichloro-, HCFC-140",kg,f335ce0e-b830-475a-adab-03858d9cbdaf,air,lower stratosphere + upper troposphere,"1,1,1-Trichlorethan"
114,HCFCs,tonnes,air,Air - HCFC as CO2-eq,99585564-bfce-4845-9aaa-2f24b8f26a41,487df68b-4994-4027-8fdc-a4dc298257b7,000071-55-6,,"Ethane, 1,1,1-trichloro-, HCFC-140",kg,be7e06e9-0bf5-462e-99dc-fe4aee383c48,air,non-urban air or from high stacks,
115,HCFCs,tonnes,air,Air - HCFC as CO2-eq,818cee9e-231c-4b53-8ed2-47a0001802d5,487df68b-4994-4027-8fdc-a4dc298257b7,000071-55-6,,"Ethane, 1,1,1-trichloro-, HCFC-140",kg,e8d7772c-55ca-4dd7-b605-fee5ae764578,air,urban air close to ground,"1,1,1-Trichlorethan"
116,HCFCs,tonnes,air,Air - HCFC as CO2-eq,843fd145-61ac-4fa7-a608-ce4ac4d88d49,487df68b-4994-4027-8fdc-a4dc298257b7,001717-00-6,,"Ethane, 1,1-dichloro-1-fluoro-, HCFC-141b",kg,7011f0aa-f5f9-4901-8c10-884ad8296812,air,unspecified,R141b
117,HCFCs,tonnes,air,Air - HCFC as CO2-eq,b018c97d-8fea-4258-b4d3-6a65669c77f4,487df68b-4994-4027-8fdc-a4dc298257b7,001717-00-6,,"Ethane, 1,1-dichloro-1-fluoro-, HCFC-141b",kg,23dbff79-8037-43e7-b270-5a3da416a284,air,"low population density, long-term",R141b
118,HCFCs,tonnes,air,Air - HCFC as CO2-eq,8c193650-c4ae-4e9a-b25b-eaa7b2b9ea2d,487df68b-4994-4027-8fdc-a4dc298257b7,001717-00-6,,"Ethane, 1,1-dichloro-1-fluoro-, HCFC-141b",kg,f335ce0e-b830-475a-adab-03858d9cbdaf,air,lower stratosphere + upper troposphere,R141b
119,HCFCs,tonnes,air,Air - HCFC as CO2-eq,416eedbd-a7b4-4693-8031-9bfaa2f20ebc,487df68b-4994-4027-8fdc-a4dc298257b7,001717-00-6,,"Ethane, 1,1-dichloro-1-fluoro-, HCFC-141b",kg,be7e06e9-0bf5-462e-99dc-fe4aee383c48,air,non-urban air or from high stacks,R141b
120,HCFCs,tonnes,air,Air - HCFC as CO2-eq,033d3a16-e1a2-4ce8-8769-f4ea867801ca,487df68b-4994-4027-8fdc-a4dc298257b7,001717-00-6,,"Ethane, 1,1-dichloro-1-fluoro-, HCFC-141b",kg,e8d7772c-55ca-4dd7-b605-fee5ae764578,air,urban air close to ground,R141b
121,HCFCs,tonnes,air,Air - HCFC as CO2-eq,ba781ac6-cdf1-4a09-86b5-76b19ed3438b,487df68b-4994-4027-8fdc-a4dc298257b7,000075-68-3,,"Ethane, 1-chloro-1,1-difluoro-, HCFC-142b",kg,7011f0aa-f5f9-4901-8c10-884ad8296812,air,unspecified,R142b
122,HCFCs,tonnes,air,Air - HCFC as CO2-eq,50432644-8568-444e-b7e7-8e37a7e1f3e3,487df68b-4994-4027-8fdc-a4dc298257b7,000075-68-3,,"Ethane, 1-chloro-1,1-difluoro-, HCFC-142b",kg,23dbff79-8037-43e7-b270-5a3da416a284,air,"low population density, long-term",R142b
123,HCFCs,tonnes,air,Air - HCFC as CO2-eq,1652c2e3-c6c5-49e1-9ad1-34c188087ca6,487df68b-4994-4027-8fdc-a4dc298257b7,000075-68-3,,"Ethane, 1-chloro-1,1-difluoro-, HCFC-142b",kg,f335ce0e-b830-475a-adab-03858d9cbdaf,air,lower stratosphere + upper troposphere,"R142b; Ethane, 1-chloro-1,1-difluoro-, HCFC-142b"
124,HCFCs,tonnes,air,Air - HCFC as CO2-eq,95b6f6da-49f9-413d-8ff5-5342d6cff588,487df68b-4994-4027-8fdc-a4dc298257b7,000075-68-3,,"Ethane, 1-chloro-1,1-difluoro-, HCFC-142b",kg,be7e06e9-0bf5-462e-99dc-fe4aee383c48,air,non-urban air or from high stacks,R142b
125,HCFCs,tonnes,air,Air - HCFC as CO2-eq,400be66e-4383-482a-93e3-c005e96de261,487df68b-4994-4027-8fdc-a4dc298257b7,000075-68-3,,"Ethane, 1-chloro-1,1-difluoro-, HCFC-142b",kg,e8d7772c-55ca-4dd7-b605-fee5ae764578,air,urban air close to ground,R142b
126,HCFCs,tonnes,air,Air - HCFC as CO2-eq,050da0cd-2957-45a9-ae7a-ace372083fe5,487df68b-4994-4027-8fdc-a4dc298257b7,000306-83-2,,"Ethane, 2,2-dichloro-1,1,1-trifluoro-, HCFC-123",kg,7011f0aa-f5f9-4901-8c10-884ad8296812,air,unspecified,R123
127,HCFCs,tonnes,air,Air - HCFC as CO2-eq,f322122f-3059-4cfb-8754-efc82548e7f0,487df68b-4994-4027-8fdc-a4dc298257b7,000306-83-2,,"Ethane, 2,2-dichloro-1,1,1-trifluoro-, HCFC-123",kg,23dbff79-8037-43e7-b270-5a3da416a284,air,"low population density, long-term",R123
128,HCFCs,tonnes,air,Air - HCFC as CO2-eq,2fff3bda-1eec-4166-9969-bc9e757c8e8e,487df68b-4994-4027-8fdc-a4dc298257b7,000306-83-2,,"Ethane, 2,2-dichloro-1,1,1-trifluoro-, HCFC-123",kg,f335ce0e-b830-475a-adab-03858d9cbdaf,air,lower stratosphere + upper troposphere,R123
129,HCFCs,tonnes,air,Air - HCFC as CO2-eq,2cbc6042-2cee-4668-8017-d7f805d9029e,487df68b-4994-4027-8fdc-a4dc298257b7,000306-83-2,,"Ethane, 2,2-dichloro-1,1,1-trifluoro-, HCFC-123",kg,be7e06e9-0bf5-462e-99dc-fe4aee383c48,air,non-urban air or from high stacks,R123
130,HCFCs,tonnes,air,Air - HCFC as CO2-eq,db907ff7-6cf0-4f88-9376-116262dfad6d,487df68b-4994-4027-8fdc-a4dc298257b7,000306-83-2,,"Ethane, 2,2-dichloro-1,1,1-trifluoro-, HCFC-123",kg,e8d7772c-55ca-4dd7-b605-fee5ae764578,air,urban air close to ground,R123
131,HCFCs,tonnes,air,Air - HCFC as CO2-eq,60268f3d-468b-487e-acb1-24d7250cb6b3,487df68b-4994-4027-8fdc-a4dc298257b7,002837-89-0,,"Ethane, 2-chloro-1,1,1,2-tetrafluoro-, HCFC-124",kg,7011f0aa-f5f9-4901-8c10-884ad8296812,air,unspecified,R124
132,HCFCs,tonnes,air,Air - HCFC as CO2-eq,0bf92802-8b5e-43f5-a261-95c06bd5c551,487df68b-4994-4027-8fdc-a4dc298257b7,002837-89-0,,"Ethane, 2-chloro-1,1,1,2-tetrafluoro-, HCFC-124",kg,23dbff79-8037-43e7-b270-5a3da416a284,air,"low population density, long-term",R124
133,HCFCs,tonnes,air,Air - HCFC as CO2-eq,9b7e5cbf-e1eb-420d-ad43-248df23457ee,487df68b-4994-4027-8fdc-a4dc298257b7,002837-89-0,,"Ethane, 2-chloro-1,1,1,2-tetrafluoro-, HCFC-124",kg,f335ce0e-b830-475a-adab-03858d9cbdaf,air,lower stratosphere + upper troposphere,R124
134,HCFCs,tonnes,air,Air - HCFC as CO2-eq,71a6ea76-6642-4573-bed2-c1884e6792fd,487df68b-4994-4027-8fdc-a4dc298257b7,002837-89-0,,"Ethane, 2-chloro-1,1,1,2-tetrafluoro-, HCFC-124",kg,be7e06e9-0bf5-462e-99dc-fe4aee383c48,air,non-urban air or from high stacks,R124
135,HCFCs,tonnes,air,Air - HCFC as CO2-eq,27f61651-96a5-45c7-9873-832626cf6905,487df68b-4994-4027-8fdc-a4dc298257b7,002837-89-0,,"Ethane, 2-chloro-1,1,1,2-tetrafluoro-, HCFC-124",kg,e8d7772c-55ca-4dd7-b605-fee5ae764578,air,urban air close to ground,R124
136,HCFCs,tonnes,air,Air - HCFC as CO2-eq,18c582fe-7336-4138-8797-2db8b7a754c7,487df68b-4994-4027-8fdc-a4dc298257b7,000075-45-6,,"Methane, chlorodifluoro-, HCFC-22",kg,7011f0aa-f5f9-4901-8c10-884ad8296812,air,unspecified,
137,HCFCs,tonnes,air,Air - HCFC as CO2-eq,9b505d7c-4239-40e0-9dbe-55d38f3b85b3,487df68b-4994-4027-8fdc-a4dc298257b7,000075-45-6,,"Methane, chlorodifluoro-, HCFC-22",kg,23dbff79-8037-43e7-b270-5a3da416a284,air,"low population density, long-term",
138,HCFCs,tonnes,air,Air - HCFC as CO2-eq,26991da1-c263-4707-9f85-78685acc94dc,487df68b-4994-4027-8fdc-a4dc298257b7,000075-45-6,,"Methane, chlorodifluoro-, HCFC-22",kg,f335ce0e-b830-475a-adab-03858d9cbdaf,air,lower stratosphere + upper troposphere,
139,HCFCs,tonnes,air,Air - HCFC as CO2-eq,56b7d3b6-83d7-42b0-a65b-5ad23e29db47,487df68b-4994-4027-8fdc-a4dc298257b7,000075-45-6,,"Methane, chlorodifluoro-, HCFC-22",kg,be7e06e9-0bf5-462e-99dc-fe4aee383c48,air,non-urban air or from high stacks,
140,HCFCs,tonnes,air,Air - HCFC as CO2-eq,8ca6c84b-7f56-47e6-8d17-4f2dbc49a943,487df68b-4994-4027-8fdc-a4dc298257b7,000075-45-6,,"Methane, chlorodifluoro-, HCFC-22",kg,e8d7772c-55ca-4dd7-b605-fee5ae764578,air,urban air close to ground,
141,HCFCs,tonnes,air,Air - HCFC as CO2-eq,5eafb840-6f50-418d-98bd-27b86f75613c,487df68b-4994-4027-8fdc-a4dc298257b7,000593-70-4,,"Methane, chloro-fluoro-, HCFC-31",kg,7011f0aa-f5f9-4901-8c10-884ad8296812,air,unspecified,
142,HCFCs,tonnes,air,Air - HCFC as CO2-eq,8b1912e7-fa62-4fa7-9d33-46da503ad788,487df68b-4994-4027-8fdc-a4dc298257b7,000593-70-4,,"Methane, chloro-fluoro-, HCFC-31",kg,23dbff79-8037-43e7-b270-5a3da416a284,air,"low population density, long-term",
143,HCFCs,tonnes,air,Air - HCFC as CO2-eq,41f45128-cebe-4ece-aafa-7406a5c98775,487df68b-4994-4027-8fdc-a4dc298257b7,000593-70-4,,"Methane, chloro-fluoro-, HCFC-31",kg,f335ce0e-b830-475a-adab-03858d9cbdaf,air,lower stratosphere + upper troposphere,
144,HCFCs,tonnes,air,Air - HCFC as CO2-eq,46ecffe9-d6c6-4763-b575-dd73d5bdd727,487df68b-4994-4027-8fdc-a4dc298257b7,000593-70-4,,"Methane, chloro-fluoro-, HCFC-31",kg,be7e06e9-0bf5-462e-99dc-fe4aee383c48,air,non-urban air or from high stacks,
145,HCFCs,tonnes,air,Air - HCFC as CO2-eq,5fa05c4f-8766-41ff-9dd1-fa47c0b7ea48,487df68b-4994-4027-8fdc-a4dc298257b7,000593-70-4,,"Methane, chloro-fluoro-, HCFC-31",kg,e8d7772c-55ca-4dd7-b605-fee5ae764578,air,urban air close to ground,
146,HCFCs,tonnes,air,Air - HCFC as CO2-eq,04a6edb8-624a-484e-8f85-d771657adae7,487df68b-4994-4027-8fdc-a4dc298257b7,000075-43-4,,"Methane, dichlorofluoro-, HCFC-21",kg,7011f0aa-f5f9-4901-8c10-884ad8296812,air,unspecified,
147,HCFCs,tonnes,air,Air - HCFC as CO2-eq,34de4196-871a-4db8-a182-589ab780a935,487df68b-4994-4027-8fdc-a4dc298257b7,000075-43-4,,"Methane, dichlorofluoro-, HCFC-21",kg,23dbff79-8037-43e7-b270-5a3da416a284,air,"low population density, long-term",
148,HCFCs,tonnes,air,Air - HCFC as CO2-eq,de8d76cb-7216-4e6f-8bf2-8cdf76e99902,487df68b-4994-4027-8fdc-a4dc298257b7,000075-43-4,,"Methane, dichlorofluoro-, HCFC-21",kg,f335ce0e-b830-475a-adab-03858d9cbdaf,air,lower stratosphere + upper troposphere,
149,HCFCs,tonnes,air,Air - HCFC as CO2-eq,727835b8-c650-4d46-882f-35b2a366b559,487df68b-4994-4027-8fdc-a4dc298257b7,000075-43-4,,"Methane, dichlorofluoro-, HCFC-21",kg,be7e06e9-0bf5-462e-99dc-fe4aee383c48,air,non-urban air or from high stacks,
150,HCFCs,tonnes,air,Air - HCFC as CO2-eq,3c8af80d-7ff8-43f4-b1a7-cef73b1b4682,487df68b-4994-4027-8fdc-a4dc298257b7,000075-43-4,,"Methane, dichlorofluoro-, HCFC-21",kg,e8d7772c-55ca-4dd7-b605-fee5ae764578,air,urban air close to ground,
151,Pb,tonnes,air,Air - Lead,8e123669-94d3-41d8-9480-a79211fe7c43,487df68b-4994-4027-8fdc-a4dc298257b7,007439-92-1,,Lead,kg,7011f0aa-f5f9-4901-8c10-884ad8296812,air,unspecified,
152,Pb,tonnes,air,Air - Lead,9ee7f4ab-b826-47ae-8623-e138f944b42e,487df68b-4994-4027-8fdc-a4dc298257b7,007439-92-1,,Lead,kg,23dbff79-8037-43e7-b270-5a3da416a284,air,"low population density, long-term",
153,Pb,tonnes,air,Air - Lead,fe4613d7-1ed8-427d-9b06-c8e8f4f5e1b1,487df68b-4994-4027-8fdc-a4dc298257b7,007439-92-1,,Lead,kg,f335ce0e-b830-475a-adab-03858d9cbdaf,air,lower stratosphere + upper troposphere,
154,Pb,tonnes,air,Air - Lead,2718482b-8399-442e-b89a-52fbcc22d2e6,487df68b-4994-4027-8fdc-a4dc298257b7,007439-92-1,,Lead,kg,be7e06e9-0bf5-462e-99dc-fe4aee383c48,air,non-urban air or from high stacks,
155,Pb,tonnes,air,Air - Lead,6a903634-c97f-4c49-a7c0-88f0e6ac7a23,487df68b-4994-4027-8fdc-a4dc298257b7,007439-92-1,,Lead,kg,e8d7772c-55ca-4dd7-b605-fee5ae764578,air,urban air close to ground,
156,Cd,tonnes,air,Air - Cadmium,1c5a7322-9261-4d59-a692-adde6c12de92,487df68b-4994-4027-8fdc-a4dc298257b7,007440-43-9,,Cadmium,kg,7011f0aa-f5f9-4901-8c10-884ad8296812,air,unspecified,
157,Cd,tonnes,air,Air - Cadmium,23eaa36d-add4-4219-961e-ca7104dc0de9,487df68b-4994-4027-8fdc-a4dc298257b7,007440-43-9,,Cadmium,kg,23dbff79-8037-43e7-b270-5a3da416a284,air,"low population density, long-term",
158,Cd,tonnes,air,Air - Cadmium,dd1bbaa1-d1f1-4584-aeb2-6f02bfb04e87,487df68b-4994-4027-8fdc-a4dc298257b7,007440-43-9,,Cadmium,kg,f335ce0e-b830-475a-adab-03858d9cbdaf,air,lower stratosphere + upper troposphere,
159,Cd,tonnes,air,Air - Cadmium,e2d58f90-9aac-4ac4-87f7-bbd6cfc358e3,487df68b-4994-4027-8fdc-a4dc298257b7,007440-43-9,,Cadmium,kg,be7e06e9-0bf5-462e-99dc-fe4aee383c48,air,non-urban air or from high stacks,
160,Cd,tonnes,air,Air - Cadmium,36e53653-1338-42c7-816c-f6667809e0b1,487df68b-4994-4027-8fdc-a4dc298257b7,007440-43-9,,Cadmium,kg,e8d7772c-55ca-4dd7-b605-fee5ae764578,air,urban air close to ground,
161,Hg,tonnes,air,Air - Mercury,71234253-b3a7-4dfe-b166-a484ad15bee7,487df68b-4994-4027-8fdc-a4dc298257b7,007439-97-6,,Mercury,kg,7011f0aa-f5f9-4901-8c10-884ad8296812,air,unspecified,
162,Hg,tonnes,air,Air - Mercury,dc90db73-6f27-403d-baf1-cb7e0b6cae31,487df68b-4994-4027-8fdc-a4dc298257b7,007439-97-6,,Mercury,kg,23dbff79-8037-43e7-b270-5a3da416a284,air,"low population density, long-term",
163,Hg,tonnes,air,Air - Mercury,48aa661d-be05-4c24-94fe-8d6feb3dcb31,487df68b-4994-4027-8fdc-a4dc298257b7,007439-97-6,,Mercury,kg,f335ce0e-b830-475a-adab-03858d9cbdaf,air,lower stratosphere + upper troposphere,
164,Hg,tonnes,air,Air - Mercury,5ec9c16a-959d-44cd-be7d-a935727d2151,487df68b-4994-4027-8fdc-a4dc298257b7,007439-97-6,,Mercury,kg,be7e06e9-0bf5-462e-99dc-fe4aee383c48,air,non-urban air or from high stacks,
165,Hg,tonnes,air,Air - Mercury,a850e6de-a007-432f-be7f-ce6e2cf1f2ae,487df68b-4994-4027-8fdc-a4dc298257b7,007439-97-6,,Mercury,kg,e8d7772c-55ca-4dd7-b605-fee5ae764578,air,urban air close to ground,
166,As,tonnes,air,Air - Arsenic,dc6dbdaa-9f13-43a8-8af5-6603688c6ad0,487df68b-4994-4027-8fdc-a4dc298257b7,007440-38-2,,Arsenic,kg,7011f0aa-f5f9-4901-8c10-884ad8296812,air,unspecified,
167,As,tonnes,air,Air - Arsenic,ed751c30-a896-44f3-9a83-2a5328dde94d,487df68b-4994-4027-8fdc-a4dc298257b7,007440-38-2,,Arsenic,kg,23dbff79-8037-43e7-b270-5a3da416a284,air,"low population density, long-term",
168,As,tonnes,air,Air - Arsenic,cfce0b1a-2873-46fa-8e12-afb5a4213886,487df68b-4994-4027-8fdc-a4dc298257b7,007440-38-2,,Arsenic,kg,f335ce0e-b830-475a-adab-03858d9cbdaf,air,lower stratosphere + upper troposphere,
169,As,tonnes,air,Air - Arsenic,7348af7c-e102-4a03-a0df-efce16469eed,487df68b-4994-4027-8fdc-a4dc298257b7,007440-38-2,,Arsenic,kg,be7e06e9-0bf5-462e-99dc-fe4aee383c48,air,non-urban air or from high stacks,
170,As,tonnes,air,Air - Arsenic,f4d0a2c8-efef-4188-85da-5801097389a2,487df68b-4994-4027-8fdc-a4dc298257b7,007440-38-2,,Arsenic,kg,e8d7772c-55ca-4dd7-b605-fee5ae764578,air,urban air close to ground,
171,Cr,tonnes,air,Air - Chromium,e142b577-e934-4085-9a07-3983d4d92afb,487df68b-4994-4027-8fdc-a4dc298257b7,007440-47-3,,Chromium,kg,7011f0aa-f5f9-4901-8c10-884ad8296812,air,unspecified,
172,Cr,tonnes,air,Air - Chromium,6b29d83a-c43c-484c-8e73-474a8a22d71e,487df68b-4994-4027-8fdc-a4dc298257b7,007440-47-3,,Chromium,kg,23dbff79-8037-43e7-b270-5a3da416a284,air,"low population density, long-term",
173,Cr,tonnes,air,Air - Chromium,2a5ed451-12a2-47db-b4dc-fa0bfbc01d79,487df68b-4994-4027-8fdc-a4dc298257b7,007440-47-3,,Chromium,kg,f335ce0e-b830-475a-adab-03858d9cbdaf,air,lower stratosphere + upper troposphere,
174,Cr,tonnes,air,Air - Chromium,4d40d8e3-9bc7-4ab1-ac5c-4f4a76fda8e5,487df68b-4994-4027-8fdc-a4dc298257b7,007440-47-3,,Chromium,kg,be7e06e9-0bf5-462e-99dc-fe4aee383c48,air,non-urban air or from high stacks,
175,Cr,tonnes,air,Air - Chromium,7705f0e1-5b14-44f4-b330-1245b5c7fc08,487df68b-4994-4027-8fdc-a4dc298257b7,007440-47-3,,Chromium,kg,e8d7772c-55ca-4dd7-b605-fee5ae764578,air,urban air close to ground,
176,Cu,tonnes,air,Air - Copper,ec8144d6-d123-43b1-9c17-a295422a0498,487df68b-4994-4027-8fdc-a4dc298257b7,007440-50-8,,Copper,kg,7011f0aa-f5f9-4901-8c10-884ad8296812,air,unspecified,
177,Cu,tonnes,air,Air - Copper,fd153f15-1d16-410a-91fa-04d205e36c43,487df68b-4994-4027-8fdc-a4dc298257b7,007440-50-8,,Copper,kg,23dbff79-8037-43e7-b270-5a3da416a284,air,"low population density, long-term",
178,Cu,tonnes,air,Air - Copper,3573a5af-88f8-4f74-ade7-cd269cbc4e66,487df68b-4994-4027-8fdc-a4dc298257b7,007440-50-8,,Copper,kg,f335ce0e-b830-475a-adab-03858d9cbdaf,air,lower stratosphere + upper troposphere,
179,Cu,tonnes,air,Air - Copper,e336eee7-148a-4d1c-8027-780cbfafa12b,487df68b-4994-4027-8fdc-a4dc298257b7,007440-50-8,,Copper,kg,be7e06e9-0bf5-462e-99dc-fe4aee383c48,air,non-urban air or from high stacks,
180,Cu,tonnes,air,Air - Copper,88cde01c-df69-40bb-9b14-6eac71bea5b8,487df68b-4994-4027-8fdc-a4dc298257b7,007440-50-8,,Copper,kg,e8d7772c-55ca-4dd7-b605-fee5ae764578,air,urban air close to ground,
181,Ni,tonnes,air,Air - Nickel,a5506f4b-113f-4713-95c3-c819dde6e48b,487df68b-4994-4027-8fdc-a4dc298257b7,007440-02-0,,Nickel,kg,7011f0aa-f5f9-4901-8c10-884ad8296812,air,unspecified,
182,Ni,tonnes,air,Air - Nickel,c89873de-cd23-4323-a948-f5cfeebd2fc9,487df68b-4994-4027-8fdc-a4dc298257b7,007440-02-0,,Nickel,kg,23dbff79-8037-43e7-b270-5a3da416a284,air,"low population density, long-term",
183,Ni,tonnes,air,Air - Nickel,0545c382-2312-43b6-9ec3-63dbb1438565,487df68b-4994-4027-8fdc-a4dc298257b7,007440-02-0,,Nickel,kg,f335ce0e-b830-475a-adab-03858d9cbdaf,air,lower stratosphere + upper troposphere,
184,Ni,tonnes,air,Air - Nickel,e8fc62ba-678e-4706-97d2-b79d83e227d5,487df68b-4994-4027-8fdc-a4dc298257b7,007440-02-0,,Nickel,kg,be7e06e9-0bf5-462e-99dc-fe4aee383c48,air,non-urban air or from high stacks,
185,Ni,tonnes,air,Air - Nickel,e43a270f-4f88-4789-a0b8-7aba56677743,487df68b-4994-4027-8fdc-a4dc298257b7,007440-02-0,,Nickel,kg,e8d7772c-55ca-4dd7-b605-fee5ae764578,air,urban air close to ground,
186,Se,tonnes,air,Air - Selenium,454c61fd-c52b-4a04-9731-f141bb7b5264,487df68b-4994-4027-8fdc-a4dc298257b7,007782-49-2,,Selenium,kg,7011f0aa-f5f9-4901-8c10-884ad8296812,air,unspecified,
187,Se,tonnes,air,Air - Selenium,93e71b71-05d4-4a44-a85a-592a6f21cf0c,487df68b-4994-4027-8fdc-a4dc298257b7,007782-49-2,,Selenium,kg,23dbff79-8037-43e7-b270-5a3da416a284,air,"low population density, long-term",
188,Se,tonnes,air,Air - Selenium,fbfabc26-84d9-46cd-9d1b-1a0060325b64,487df68b-4994-4027-8fdc-a4dc298257b7,007782-49-2,,Selenium,kg,f335ce0e-b830-475a-adab-03858d9cbdaf,air,lower stratosphere + upper troposphere,
189,Se,tonnes,air,Air - Selenium,e6551223-73b6-4289-b841-c5cdeb25abd9,487df68b-4994-4027-8fdc-a4dc298257b7,007782-49-2,,Selenium,kg,be7e06e9-0bf5-462e-99dc-fe4aee383c48,air,non-urban air or from high stacks,
190,Se,tonnes,air,Air - Selenium,a79be2ee-ac83-4328-a136-a34ba1f99089,487df68b-4994-4027-8fdc-a4dc298257b7,007782-49-2,,Selenium,kg,e8d7772c-55ca-4dd7-b605-fee5ae764578,air,urban air close to ground,
191,Zn,tonnes,air,Air - Zinc,5ce378a0-b48d-471c-977d-79681521efde,487df68b-4994-4027-8fdc-a4dc298257b7,007440-66-6,,Zinc,kg,7011f0aa-f5f9-4901-8c10-884ad8296812,air,unspecified,
192,Zn,tonnes,air,Air - Zinc,8f871bab-96dc-49d9-bf08-12cdd0715901,487df68b-4994-4027-8fdc-a4dc298257b7,007440-66-6,,Zinc,kg,23dbff79-8037-43e7-b270-5a3da416a284,air,"low population density, long-term",
193,Zn,tonnes,air,Air - Zinc,87a69874-34f9-4070-a525-aa301ab2634b,487df68b-4994-4027-8fdc-a4dc298257b7,007440-66-6,,Zinc,kg,f335ce0e-b830-475a-adab-03858d9cbdaf,air,lower stratosphere + upper troposphere,
194,Zn,tonnes,air,Air - Zinc,ada3ecfe-8244-4389-bcce-e83ca4f66e09,487df68b-4994-4027-8fdc-a4dc298257b7,007440-66-6,,Zinc,kg,be7e06e9-0bf5-462e-99dc-fe4aee383c48,air,non-urban air or from high stacks,
195,Zn,tonnes,air,Air - Zinc,748f22a9-eba4-4726-bef5-92c7442ce189,487df68b-4994-4027-8fdc-a4dc298257b7,007440-66-6,,Zinc,kg,e8d7772c-55ca-4dd7-b605-fee5ae764578,air,urban air close to ground,
196,Aldrin,tonnes,air,Air - Aldrin,,,,,,,,,,
197,Chlordane,tonnes,air,Air - Chlordane,,,,,,,,,,
198,Chlordecone,tonnes,air,Air - Kepone,,,,,,,,,,
199,Dieldrin,tonnes,air,Air - Dieldrin,,,,,,,,,,
200,Endrin,tonnes,air,Air - Endrin,,,,,,,,,,
201,Heptachlor,tonnes,air,Air - Heptachlor,,,,,,,,,,
202,Hexabr.-biph.,tonnes,air,Air - Polybrominated biphenyls,,,,,,,,,,
203,Mirex,tonnes,air,Air - Mirex,,,,,,,,,,
204,Toxaphene,tonnes,air,Air - Toxaphene,,,,,,,,,,
205,HCH,tonnes,air,Air - Hexachlorocyclohexane,,,,,,,,,,
206,DDT,tonnes,air,Air - DDT,,,,,,,,,,
207,PCB,tonnes,air,Air - Polychlorinated biphenyls,c9b97088-efc6-43c1-8d26-f78d6cdbb50b,487df68b-4994-4027-8fdc-a4dc298257b7,,,Polychlorinated biphenyls,kg,7011f0aa-f5f9-4901-8c10-884ad8296812,air,unspecified,PCB
208,PCB,tonnes,air,Air - Polychlorinated biphenyls,5d691e58-2074-4661-8525-d98a173e1c99,487df68b-4994-4027-8fdc-a4dc298257b7,,,Polychlorinated biphenyls,kg,23dbff79-8037-43e7-b270-5a3da416a284,air,"low population density, long-term",PCB
209,PCB,tonnes,air,Air - Polychlorinated biphenyls,64f98ce3-c7b4-4bfc-b398-c191824f26db,487df68b-4994-4027-8fdc-a4dc298257b7,,,Polychlorinated biphenyls,kg,f335ce0e-b830-475a-adab-03858d9cbdaf,air,lower stratosphere + upper troposphere,PCB
210,PCB,tonnes,air,Air - Polychlorinated biphenyls,07279b73-709f-4ac2-a9e1-82fbd01ce301,487df68b-4994-4027-8fdc-a4dc298257b7,,,Polychlorinated biphenyls,kg,be7e06e9-0bf5-462e-99dc-fe4aee383c48,air,non-urban air or from high stacks,PCB
211,PCB,tonnes,air,Air - Polychlorinated biphenyls,456b8003-1508-4000-a53c-752e02023445,487df68b-4994-4027-8fdc-a4dc298257b7,,,Polychlorinated biphenyls,kg,e8d7772c-55ca-4dd7-b605-fee5ae764578,air,urban air close to ground,PCB
212,dioxin,tonnes,air,"Air - Dioxins, measured as 2,3,7,8-tetrachlorodibenzo-p-dioxin",082903e4-45d8-4078-94cb-736b15279277,487df68b-4994-4027-8fdc-a4dc298257b7,1746-01-06,,"Dioxins, measured as 2,3,7,8-tetrachlorodibenzo-p-dioxin",kg,7011f0aa-f5f9-4901-8c10-884ad8296812,air,unspecified,
213,dioxin,tonnes,air,"Air - Dioxins, measured as 2,3,7,8-tetrachlorodibenzo-p-dioxin",e69dfe04-4b45-4e87-a6ce-08b1af61ca22,487df68b-4994-4027-8fdc-a4dc298257b7,1746-01-06,,"Dioxins, measured as 2,3,7,8-tetrachlorodibenzo-p-dioxin",kg,23dbff79-8037-43e7-b270-5a3da416a284,air,"low population density, long-term",
214,dioxin,tonnes,air,"Air - Dioxins, measured as 2,3,7,8-tetrachlorodibenzo-p-dioxin",e385da6d-8c5a-42ff-a8fe-d18943079774,487df68b-4994-4027-8fdc-a4dc298257b7,1746-01-06,,"Dioxins, measured as 2,3,7,8-tetrachlorodibenzo-p-dioxin",kg,f335ce0e-b830-475a-adab-03858d9cbdaf,air,lower stratosphere + upper troposphere,
215,dioxin,tonnes,air,"Air - Dioxins, measured as 2,3,7,8-tetrachlorodibenzo-p-dioxin",f77c5e36-ee47-4437-b757-03139bb1d6d6,487df68b-4994-4027-8fdc-a4dc298257b7,1746-01-06,,"Dioxins, measured as 2,3,7,8-tetrachlorodibenzo-p-dioxin",kg,be7e06e9-0bf5-462e-99dc-fe4aee383c48,air,non-urban air or from high stacks,
216,dioxin,tonnes,air,"Air - Dioxins, measured as 2,3,7,8-tetrachlorodibenzo-p-dioxin",237a5f15-8119-472a-8988-88b7ecb42405,487df68b-4994-4027-8fdc-a4dc298257b7,1746-01-06,,"Dioxins, measured as 2,3,7,8-tetrachlorodibenzo-p-dioxin",kg,e8d7772c-55ca-4dd7-b605-fee5ae764578,air,urban air close to ground,
217,PM10,tonnes,air,"Air - Particulates, < 10 um",,,,,,,,,,
218,"PAH (total of 4 components, sum of EM_AIR.43, 45, 46, 47)",tonnes,air,"Air - PAH, polycyclic aromatic hydrocarbons",3e5d7d91-67d7-4afb-91dd-36fab58e4685,487df68b-4994-4027-8fdc-a4dc298257b7,130498-29-2,,"PAH, polycyclic aromatic hydrocarbons",kg,7011f0aa-f5f9-4901-8c10-884ad8296812,air,unspecified,
219,"PAH (total of 4 components, sum of EM_AIR.43, 45, 46, 47)",tonnes,air,"Air - PAH, polycyclic aromatic hydrocarbons",641ba62d-63a4-451c-bff0-aa5c08965393,487df68b-4994-4027-8fdc-a4dc298257b7,130498-29-2,,"PAH, polycyclic aromatic hydrocarbons",kg,23dbff79-8037-43e7-b270-5a3da416a284,air,"low population density, long-term",
220,"PAH (total of 4 components, sum of EM_AIR.43, 45, 46, 47)",tonnes,air,"Air - PAH, polycyclic aromatic hydrocarbons",1f5330ac-e81c-45f2-8c9c-335b531faab0,487df68b-4994-4027-8fdc-a4dc298257b7,130498-29-2,,"PAH, polycyclic aromatic hydrocarbons",kg,f335ce0e-b830-475a-adab-03858d9cbdaf,air,lower stratosphere + upper troposphere,
221,"PAH (total of 4 components, sum of EM_AIR.43, 45, 46, 47)",tonnes,air,"Air - PAH, polycyclic aromatic hydrocarbons",13d898ac-b9be-4723-a153-565e2a9144ac,487df68b-4994-4027-8fdc-a4dc298257b7,130498-29-2,,"PAH, polycyclic aromatic hydrocarbons",kg,be7e06e9-0bf5-462e-99dc-fe4aee383c48,air,non-urban air or from high stacks,
222,"PAH (total of 4 components, sum of EM_AIR.43, 45, 46, 47)",tonnes,air,"Air - PAH, polycyclic aromatic hydrocarbons",9d1efa17-070a-4602-a65f-daf5056b0647,487df68b-4994-4027-8fdc-a4dc298257b7,130498-29-2,,"PAH, polycyclic aromatic hydrocarbons",kg,e8d7772c-55ca-4dd7-b605-fee5ae764578,air,urban air close to ground,
223,Benzene,tonnes,air,Air - Benzene,28999907-a8a7-45b3-857e-836495ca2aa0,487df68b-4994-4027-8fdc-a4dc298257b7,000071-43-2,,Benzene,kg,7011f0aa-f5f9-4901-8c10-884ad8296812,air,unspecified,
224,Benzene,tonnes,air,Air - Benzene,8476d82a-4a17-4c08-8339-efd46c6518e7,487df68b-4994-4027-8fdc-a4dc298257b7,000071-43-2,,Benzene,kg,23dbff79-8037-43e7-b270-5a3da416a284,air,"low population density, long-term",
225,Benzene,tonnes,air,Air - Benzene,eb15dd66-43ee-4161-ac90-2cd6d19ca72d,487df68b-4994-4027-8fdc-a4dc298257b7,000071-43-2,,Benzene,kg,f335ce0e-b830-475a-adab-03858d9cbdaf,air,lower stratosphere + upper troposphere,
226,Benzene,tonnes,air,Air - Benzene,5e883a00-04e6-4d96-8dce-12d7117c6635,487df68b-4994-4027-8fdc-a4dc298257b7,000071-43-2,,Benzene,kg,be7e06e9-0bf5-462e-99dc-fe4aee383c48,air,non-urban air or from high stacks,
227,Benzene,tonnes,air,Air - Benzene,1bb6a502-3ff9-4a79-835c-5588b855f1f5,487df68b-4994-4027-8fdc-a4dc298257b7,000071-43-2,,Benzene,kg,e8d7772c-55ca-4dd7-b605-fee5ae764578,air,urban air close to ground,
228,"1,3 Butadiene",tonnes,air,Air - Butadiene,5064da53-d4ec-44ee-ba23-b20a4f8c4964,487df68b-4994-4027-8fdc-a4dc298257b7,000106-99-0,,Butadiene,kg,7011f0aa-f5f9-4901-8c10-884ad8296812,air,unspecified,"Buta-1,3-diene,1,3-butadiene,vinyl ethylene,Pyrrolylene,Biethylene"
229,"1,3 Butadiene",tonnes,air,Air - Butadiene,0315d855-dff2-44af-bb37-1b855df53d69,487df68b-4994-4027-8fdc-a4dc298257b7,000106-99-0,,Butadiene,kg,23dbff79-8037-43e7-b270-5a3da416a284,air,"low population density, long-term","1,3-butadiene,Pyrrolylene,Biethylene,Buta-1,3-diene,vinyl ethylene"
230,"1,3 Butadiene",tonnes,air,Air - Butadiene,91c76c8e-d725-475d-9be6-a90b99747075,487df68b-4994-4027-8fdc-a4dc298257b7,000106-99-0,,Butadiene,kg,f335ce0e-b830-475a-adab-03858d9cbdaf,air,lower stratosphere + upper troposphere,"1,3-butadiene,Buta-1,3-diene,Pyrrolylene,Biethylene,vinyl ethylene"
231,"1,3 Butadiene",tonnes,air,Air - Butadiene,8a970585-5ce2-4226-b60d-df1c34649a56,487df68b-4994-4027-8fdc-a4dc298257b7,000106-99-0,,Butadiene,kg,be7e06e9-0bf5-462e-99dc-fe4aee383c48,air,non-urban air or from high stacks,"Biethylene,vinyl ethylene,Pyrrolylene,Buta-1,3-diene,1,3-butadiene"
232,"1,3 Butadiene",tonnes,air,Air - Butadiene,e7140812-ce3d-49f5-97b0-2fef538217a5,487df68b-4994-4027-8fdc-a4dc298257b7,000106-99-0,,Butadiene,kg,e8d7772c-55ca-4dd7-b605-fee5ae764578,air,urban air close to ground,"Pyrrolylene,vinyl ethylene,Biethylene,Buta-1,3-diene,1,3-butadiene"
233,Formaldehyd,tonnes,air,Air - Formaldehyde,a861cfae-a310-4e9d-b9eb-5d555c9a684c,487df68b-4994-4027-8fdc-a4dc298257b7,000050-00-0,,Formaldehyde,kg,7011f0aa-f5f9-4901-8c10-884ad8296812,air,unspecified,
234,Formaldehyd,tonnes,air,Air - Formaldehyde,1258b87f-6a94-4c0f-a51a-cef98a3bf534,487df68b-4994-4027-8fdc-a4dc298257b7,000050-00-0,,Formaldehyde,kg,23dbff79-8037-43e7-b270-5a3da416a284,air,"low population density, long-term",
235,Formaldehyd,tonnes,air,Air - Formaldehyde,22b0b296-d066-4159-a44b-69fdb17dc802,487df68b-4994-4027-8fdc-a4dc298257b7,000050-00-0,,Formaldehyde,kg,f335ce0e-b830-475a-adab-03858d9cbdaf,air,lower stratosphere + upper troposphere,
236,Formaldehyd,tonnes,air,Air - Formaldehyde,9167dca7-615e-435c-8ba6-dbbf50e50e34,487df68b-4994-4027-8fdc-a4dc298257b7,000050-00-0,,Formaldehyde,kg,be7e06e9-0bf5-462e-99dc-fe4aee383c48,air,non-urban air or from high stacks,
237,Formaldehyd,tonnes,air,Air - Formaldehyde,20664d0e-24e3-4daa-8c5c-2ade6e0c2723,487df68b-4994-4027-8fdc-a4dc298257b7,000050-00-0,,Formaldehyde,kg,e8d7772c-55ca-4dd7-b605-fee5ae764578,air,urban air close to ground,
238,PM2.5,tonnes,air,"Air - Particulates, < 2.5 um",21e46cb8-6233-4c99-bac3-c41d2ab99498,487df68b-4994-4027-8fdc-a4dc298257b7,,,"Particulates, < 2.5 um",kg,7011f0aa-f5f9-4901-8c10-884ad8296812,air,unspecified,
239,PM2.5,tonnes,air,"Air - Particulates, < 2.5 um",051aaf7a-6c1a-4e86-999f-85d5f0830df6,487df68b-4994-4027-8fdc-a4dc298257b7,,,"Particulates, < 2.5 um",kg,23dbff79-8037-43e7-b270-5a3da416a284,air,"low population density, long-term",
240,PM2.5,tonnes,air,"Air - Particulates, < 2.5 um",ddd99a3a-be86-423d-b36a-a9dc8af1b1f8,487df68b-4994-4027-8fdc-a4dc298257b7,,,"Particulates, < 2.5 um",kg,f335ce0e-b830-475a-adab-03858d9cbdaf,air,lower stratosphere + upper troposphere,
241,PM2.5,tonnes,air,"Air - Particulates, < 2.5 um",66f50b33-fd62-4fdd-a373-c5b0de7de00d,487df68b-4994-4027-8fdc-a4dc298257b7,,,"Particulates, < 2.5 um",kg,be7e06e9-0bf5-462e-99dc-fe4aee383c48,air,non-urban air or from high stacks,
242,PM2.5,tonnes,air,"Air - Particulates, < 2.5 um",230d8a0a-517c-43fe-8357-1818dd12997a,487df68b-4994-4027-8fdc-a4dc298257b7,,,"Particulates, < 2.5 um",kg,e8d7772c-55ca-4dd7-b605-fee5ae764578,air,urban air close to ground,
243,Furans,tonnes,air,Air - Furan,284d6491-de2c-4124-95db-7732cbb5136c,487df68b-4994-4027-8fdc-a4dc298257b7,000110-00-9,,Furan,kg,7011f0aa-f5f9-4901-8c10-884ad8296812,air,unspecified,"furfuran,Oxacyclopentadiene,Tetrole,Divinylene oxide,1,4-epoxy-1,3-butadiene,Axole,Oxole"
244,Furans,tonnes,air,Air - Furan,a5856dc0-2980-41cc-a93f-a1699fcf4890,487df68b-4994-4027-8fdc-a4dc298257b7,000110-00-9,,Furan,kg,23dbff79-8037-43e7-b270-5a3da416a284,air,"low population density, long-term","Axole,1,4-epoxy-1,3-butadiene,furfuran,Oxacyclopentadiene,Tetrole,Divinylene oxide,Oxole"
245,Furans,tonnes,air,Air - Furan,3d20d2fc-2e7e-4c8c-a77d-91bd822a1dfe,487df68b-4994-4027-8fdc-a4dc298257b7,000110-00-9,,Furan,kg,f335ce0e-b830-475a-adab-03858d9cbdaf,air,lower stratosphere + upper troposphere,"Oxacyclopentadiene,Tetrole,Oxole,furfuran,Divinylene oxide,Axole,1,4-epoxy-1,3-butadiene"
246,Furans,tonnes,air,Air - Furan,142ce3b0-4bd6-47a3-9991-7c657c947ffe,487df68b-4994-4027-8fdc-a4dc298257b7,000110-00-9,,Furan,kg,be7e06e9-0bf5-462e-99dc-fe4aee383c48,air,non-urban air or from high stacks,
247,Furans,tonnes,air,Air - Furan,585da516-b59a-43b4-83c1-6ccf4d28c83b,487df68b-4994-4027-8fdc-a4dc298257b7,000110-00-9,,Furan,kg,e8d7772c-55ca-4dd7-b605-fee5ae764578,air,urban air close to ground,"Oxacyclopentadiene,furfuran,1,4-epoxy-1,3-butadiene,Oxole,Axole,Divinylene oxide,Tetrole"
248,Benzo-[a]-pyrene,tonnes,air,Air - Benzo(a)pyrene,5e13c2ab-5466-4ff5-816d-702dfdf25f76,487df68b-4994-4027-8fdc-a4dc298257b7,000050-32-8,,Benzo(a)pyrene,kg,7011f0aa-f5f9-4901-8c10-884ad8296812,air,unspecified,
249,Benzo-[a]-pyrene,tonnes,air,Air - Benzo(a)pyrene,32d98afc-e42b-46f6-b53e-9c949875ab20,487df68b-4994-4027-8fdc-a4dc298257b7,000050-32-8,,Benzo(a)pyrene,kg,23dbff79-8037-43e7-b270-5a3da416a284,air,"low population density, long-term",BaP
250,Benzo-[a]-pyrene,tonnes,air,Air - Benzo(a)pyrene,4e054ec3-6e16-4544-8ef8-69b22414adf6,487df68b-4994-4027-8fdc-a4dc298257b7,000050-32-8,,Benzo(a)pyrene,kg,f335ce0e-b830-475a-adab-03858d9cbdaf,air,lower stratosphere + upper troposphere,BaP
251,Benzo-[a]-pyrene,tonnes,air,Air - Benzo(a)pyrene,81c4ba39-8a3f-4a43-97b4-401605bbebf5,487df68b-4994-4027-8fdc-a4dc298257b7,000050-32-8,,Benzo(a)pyrene,kg,be7e06e9-0bf5-462e-99dc-fe4aee383c48,air,non-urban air or from high stacks,
252,Benzo-[a]-pyrene,tonnes,air,Air - Benzo(a)pyrene,2cbb504a-ce2f-40e9-9d38-e130e95a1242,487df68b-4994-4027-8fdc-a4dc298257b7,000050-32-8,,Benzo(a)pyrene,kg,e8d7772c-55ca-4dd7-b605-fee5ae764578,air,urban air close to ground,
253,PBDEs,tonnes,air,Air - Pentabromodiphenyl ether,,,,,,,,,,
254,Benzo-[b]-fluoranthene,tonnes,air,Air - Benzo(b)fluoranthene,35357464-0d86-4bbd-940f-7d0dd8e5df57,487df68b-4994-4027-8fdc-a4dc298257b7,205-99-2,,Benzo(b)fluoranthene,kg,7011f0aa-f5f9-4901-8c10-884ad8296812,air,unspecified,
255,Benzo-[k]-fluoranthene,tonnes,air,Air - Benzo(k)fluoranthene,cc5f1637-8aa5-442f-a8c6-43c8739944a0,487df68b-4994-4027-8fdc-a4dc298257b7,0207-08-09,,Benzo(k)fluoranthene,kg,7011f0aa-f5f9-4901-8c10-884ad8296812,air,unspecified,
256,"Indeno-[1,2,3-cd]-pyrene",tonnes,air,"Air - Indeno(1,2,3-cd)pyrene",76608f33-7127-47f2-9718-383b3efe3b43,487df68b-4994-4027-8fdc-a4dc298257b7,193-39-5,,"Indeno(1,2,3-cd)pyrene",kg,7011f0aa-f5f9-4901-8c10-884ad8296812,air,unspecified,
257,HCB,tonnes,air,"Air - Benzene, hexachloro-",04f42988-6207-4d09-a91f-155be8d27eb0,487df68b-4994-4027-8fdc-a4dc298257b7,000118-74-1,,"Benzene, hexachloro-",kg,7011f0aa-f5f9-4901-8c10-884ad8296812,air,unspecified,"HCB,Hexachlorbenzol"
258,HCB,tonnes,air,"Air - Benzene, hexachloro-",964acc40-2da6-45f1-938b-da109b81d27f,487df68b-4994-4027-8fdc-a4dc298257b7,000118-74-1,,"Benzene, hexachloro-",kg,23dbff79-8037-43e7-b270-5a3da416a284,air,"low population density, long-term","HCB,Hexachlorbenzol"
259,HCB,tonnes,air,"Air - Benzene, hexachloro-",fcd292e0-69dd-4093-9cd4-ff2e0b8c9b69,487df68b-4994-4027-8fdc-a4dc298257b7,000118-74-1,,"Benzene, hexachloro-",kg,f335ce0e-b830-475a-adab-03858d9cbdaf,air,lower stratosphere + upper troposphere,"HCB,Hexachlorbenzol"
260,HCB,tonnes,air,"Air - Benzene, hexachloro-",a028cff8-e405-4d44-8322-f46e9e51bcdc,487df68b-4994-4027-8fdc-a4dc298257b7,000118-74-1,,"Benzene, hexachloro-",kg,be7e06e9-0bf5-462e-99dc-fe4aee383c48,air,non-urban air or from high stacks,"Hexachlorbenzol,HCB"
261,HCB,tonnes,air,"Air - Benzene, hexachloro-",1af44724-172c-462b-b277-bb4b2fd32c33,487df68b-4994-4027-8fdc-a4dc298257b7,000118-74-1,,"Benzene, hexachloro-",kg,e8d7772c-55ca-4dd7-b605-fee5ae764578,air,urban air close to ground,
262,PCDD/F (dioxins and furans),tonnes I-TEQ,air,"Air - Dioxins, measured as 2,3,7,8-tetrachlorodibenzo-p-dioxin",082903e4-45d8-4078-94cb-736b15279277,487df68b-4994-4027-8fdc-a4dc298257b7,1746-01-06,,"Dioxins, measured as 2,3,7,8-tetrachlorodibenzo-p-dioxin",kg,7011f0aa-f5f9-4901-8c10-884ad8296812,air,unspecified,
263,PCDD/F (dioxins and furans),tonnes I-TEQ,air,"Air - Dioxins, measured as 2,3,7,8-tetrachlorodibenzo-p-dioxin",e69dfe04-4b45-4e87-a6ce-08b1af61ca22,487df68b-4994-4027-8fdc-a4dc298257b7,1746-01-06,,"Dioxins, measured as 2,3,7,8-tetrachlorodibenzo-p-dioxin",kg,23dbff79-8037-43e7-b270-5a3da416a284,air,"low population density, long-term",
264,PCDD/F (dioxins and furans),tonnes I-TEQ,air,"Air - Dioxins, measured as 2,3,7,8-tetrachlorodibenzo-p-dioxin",e385da6d-8c5a-42ff-a8fe-d18943079774,487df68b-4994-4027-8fdc-a4dc298257b7,1746-01-06,,"Dioxins, measured as 2,3,7,8-tetrachlorodibenzo-p-dioxin",kg,f335ce0e-b830-475a-adab-03858d9cbdaf,air,lower stratosphere + upper troposphere,
265,PCDD/F (dioxins and furans),tonnes I-TEQ,air,"Air - Dioxins, measured as 2,3,7,8-tetrachlorodibenzo-p-dioxin",f77c5e36-ee47-4437-b757-03139bb1d6d6,487df68b-4994-4027-8fdc-a4dc298257b7,1746-01-06,,"Dioxins, measured as 2,3,7,8-tetrachlorodibenzo-p-dioxin",kg,be7e06e9-0bf5-462e-99dc-fe4aee383c48,air,non-urban air or from high stacks,
266,PCDD/F (dioxins and furans),tonnes I-TEQ,air,"Air - Dioxins, measured as 2,3,7,8-tetrachlorodibenzo-p-dioxin",237a5f15-8119-472a-8988-88b7ecb42405,487df68b-4994-4027-8fdc-a4dc298257b7,1746-01-06,,"Dioxins, measured as 2,3,7,8-tetrachlorodibenzo-p-dioxin",kg,e8d7772c-55ca-4dd7-b605-fee5ae764578,air,urban air close to ground,
267,TSP (total suspended particulate),tonnes,air,Air - TSP,,,,,,,,,,
268,N,tonnes,water,"Water - Nitrogen, total",0c150bb4-fd1a-43f8-b6c9-5dfda8dadb6c,487df68b-4994-4027-8fdc-a4dc298257b7,007727-37-9,,Nitrogen,kg,a119c440-7e83-4655-a874-97fe1468315a,water,ground-,
269,N,tonnes,water,"Water - Nitrogen, total",ae70ca6c-807a-482b-9ddc-e449b4893fe3,487df68b-4994-4027-8fdc-a4dc298257b7,007727-37-9,,Nitrogen,kg,963f8022-3e2e-4be9-ad4d-b3b7a2282099,water,surface water,
270,N,tonnes,water,"Water - Nitrogen, total",996829cc-2d40-418a-beda-7c50399952f9,487df68b-4994-4027-8fdc-a4dc298257b7,007727-37-9,,Nitrogen,kg,65f8d2a1-63ed-479c-b86c-3bcf38e86320,water,ocean,
271,N,tonnes,water,"Water - Nitrogen, total",dcfe0815-6fa3-4e1d-a55e-155b29904f1d,487df68b-4994-4027-8fdc-a4dc298257b7,007727-37-9,,Nitrogen,kg,e47f0a6c-3be8-4027-9eee-de251784f708,water,unspecified,
272,N,tonnes,water,"Water - Nitrogen, total",42eeb663-34dc-4394-8a07-e4d8e45a7e2d,487df68b-4994-4027-8fdc-a4dc298257b7,007727-37-9,,Nitrogen,kg,aa4362e0-b20a-448b-b2a0-261f4510deb5,water,"ground-, long-term",
273,P,tonnes,water,"Water - Phosphorus, total",b2631209-8374-431e-b7d5-56c96c6b6d79,487df68b-4994-4027-8fdc-a4dc298257b7,007723-14-0,,Phosphorus,kg,963f8022-3e2e-4be9-ad4d-b3b7a2282099,water,surface water,
274,P,tonnes,water,"Water - Phosphorus, total",b1fca66f-8e83-469a-a7b5-018e14d5d545,487df68b-4994-4027-8fdc-a4dc298257b7,007723-14-0,,Phosphorus,kg,a119c440-7e83-4655-a874-97fe1468315a,water,ground-,
275,P,tonnes,water,"Water - Phosphorus, total",62f3d964-9b53-4d01-9ee0-04112dcfc6d2,487df68b-4994-4027-8fdc-a4dc298257b7,007723-14-0,,Phosphorus,kg,65f8d2a1-63ed-479c-b86c-3bcf38e86320,water,ocean,
276,P,tonnes,water,"Water - Phosphorus, total",2d4b8ec1-8d53-4e62-8a11-ebc45909b02e,487df68b-4994-4027-8fdc-a4dc298257b7,007723-14-0,,Phosphorus,kg,e47f0a6c-3be8-4027-9eee-de251784f708,water,unspecified,
277,P,tonnes,water,"Water - Phosphorus, total",76b09afe-52b9-4ecc-b97a-00b49ad8ed1a,487df68b-4994-4027-8fdc-a4dc298257b7,007723-14-0,,Phosphorus,kg,aa4362e0-b20a-448b-b2a0-261f4510deb5,water,"ground-, long-term",
278,BOD,tonnes,water,"Water - BOD5, Biological Oxygen Demand",57c27ba7-a61a-4932-8cd5-095c88ff0245,487df68b-4994-4027-8fdc-a4dc298257b7,,,"BOD5, Biological Oxygen Demand",kg,a119c440-7e83-4655-a874-97fe1468315a,water,ground-,
279,BOD,tonnes,water,"Water - BOD5, Biological Oxygen Demand",70d467b6-115e-43c5-add2-441de9411348,487df68b-4994-4027-8fdc-a4dc298257b7,,,"BOD5, Biological Oxygen Demand",kg,963f8022-3e2e-4be9-ad4d-b3b7a2282099,water,surface water,
280,BOD,tonnes,water,"Water - BOD5, Biological Oxygen Demand",f012d2d5-ebb4-4531-8285-0b98af3dcbd4,487df68b-4994-4027-8fdc-a4dc298257b7,,,"BOD5, Biological Oxygen Demand",kg,65f8d2a1-63ed-479c-b86c-3bcf38e86320,water,ocean,
281,BOD,tonnes,water,"Water - BOD5, Biological Oxygen Demand",91955aba-6ebc-4413-9342-f0298860b4aa,487df68b-4994-4027-8fdc-a4dc298257b7,,,"BOD5, Biological Oxygen Demand",kg,e47f0a6c-3be8-4027-9eee-de251784f708,water,unspecified,
282,BOD,tonnes,water,"Water - BOD5, Biological Oxygen Demand",aedea697-930a-4a0e-9e4f-b9c369aa9a33,487df68b-4994-4027-8fdc-a4dc298257b7,,,"BOD5, Biological Oxygen Demand",kg,aa4362e0-b20a-448b-b2a0-261f4510deb5,water,"ground-, long-term",
283,N,tonnes,soil,"Soil - Nitrogen, total",7ce704ce-2a44-448b-b198-f00bf5928b4b,487df68b-4994-4027-8fdc-a4dc298257b7,007727-37-9,,Nitrogen,kg,e1bc9a16-5b6a-494f-98ef-49f461b1a11e,soil,agricultural,
284,N,tonnes,soil,"Soil - Nitrogen, total",994129c0-37ba-464f-a222-a8231715dae2,487df68b-4994-4027-8fdc-a4dc298257b7,007727-37-9,,Nitrogen,kg,15f47463-77ea-40d0-bfe8-ca632819f556,soil,forestry,
285,N,tonnes,soil,"Soil - Nitrogen, total",eadc37a4-8b1e-4dd2-8f4a-39d89d5f39ba,487df68b-4994-4027-8fdc-a4dc298257b7,007727-37-9,,Nitrogen,kg,912f1ae3-734e-4cc6-bbf7-0f36843cd7de,soil,industrial,
286,N,tonnes,soil,"Soil - Nitrogen, total",b748f6f1-7061-4243-89c7-3f2d01dcec07,487df68b-4994-4027-8fdc-a4dc298257b7,007727-37-9,,Nitrogen,kg,dbeb0ac7-0dec-439e-887a-9924cc8005dd,soil,unspecified,
287,P,tonnes,soil,"Soil - Phosphorus, total",c89a0749-40a5-4c9c-8770-c4295ea34977,487df68b-4994-4027-8fdc-a4dc298257b7,007723-14-0,,Phosphorus,kg,e1bc9a16-5b6a-494f-98ef-49f461b1a11e,soil,agricultural,
288,P,tonnes,soil,"Soil - Phosphorus, total",2f8952b0-c90c-4e3d-b546-52b862fc8f11,487df68b-4994-4027-8fdc-a4dc298257b7,007723-14-0,,Phosphorus,kg,912f1ae3-734e-4cc6-bbf7-0f36843cd7de,soil,industrial,
289,P,tonnes,soil,"Soil - Phosphorus, total",b6e2f7f4-6b2e-4b3e-be1f-67626cb8205d,487df68b-4994-4027-8fdc-a4dc298257b7,007723-14-0,,Phosphorus,kg,15f47463-77ea-40d0-bfe8-ca632819f556,soil,forestry,
290,P,tonnes,soil,"Soil - Phosphorus, total",8b0a4a41-c65c-4d94-b10c-94ddb98abdd2,487df68b-4994-4027-8fdc-a4dc298257b7,007723-14-0,,Phosphorus,kg,dbeb0ac7-0dec-439e-887a-9924cc8005dd,soil,unspecified,
291,Cd,tonnes,soil,Soil - Cadmium,e429b852-e421-4fcb-8a9b-b0241863bfb2,487df68b-4994-4027-8fdc-a4dc298257b7,007440-43-9,,Cadmium,kg,e1bc9a16-5b6a-494f-98ef-49f461b1a11e,soil,agricultural,
292,Cd,tonnes,soil,Soil - Cadmium,b03642f4-8fa3-44df-ba91-7bcf5677d9a7,487df68b-4994-4027-8fdc-a4dc298257b7,007440-43-9,,Cadmium,kg,15f47463-77ea-40d0-bfe8-ca632819f556,soil,forestry,
293,Cd,tonnes,soil,Soil - Cadmium,89721e33-60fa-4447-bfc6-2f27d44a7893,487df68b-4994-4027-8fdc-a4dc298257b7,007440-43-9,,Cadmium,kg,912f1ae3-734e-4cc6-bbf7-0f36843cd7de,soil,industrial,
294,Cd,tonnes,soil,Soil - Cadmium,12d6029e-3801-42ee-a1bc-1ebf936884fc,487df68b-4994-4027-8fdc-a4dc298257b7,007440-43-9,,Cadmium,kg,dbeb0ac7-0dec-439e-887a-9924cc8005dd,soil,unspecified,
295,Cu,tonnes,soil,Soil - Copper,7e66a41c-d311-4949-bdd8-eef09cdcfa47,487df68b-4994-4027-8fdc-a4dc298257b7,007440-50-8,,Copper,kg,e1bc9a16-5b6a-494f-98ef-49f461b1a11e,soil,agricultural,
296,Cu,tonnes,soil,Soil - Copper,237ca6bc-2f0a-4416-a0e3-bd512f038f2e,487df68b-4994-4027-8fdc-a4dc298257b7,007440-50-8,,Copper,kg,15f47463-77ea-40d0-bfe8-ca632819f556,soil,forestry,
297,Cu,tonnes,soil,Soil - Copper,0a5e8a67-f9ae-48b3-bfa7-e9d37c30a191,487df68b-4994-4027-8fdc-a4dc298257b7,007440-50-8,,Copper,kg,912f1ae3-734e-4cc6-bbf7-0f36843cd7de,soil,industrial,
298,Cu,tonnes,soil,Soil - Copper,44d3e792-7c9e-48ab-9de9-acfa2e097f26,487df68b-4994-4027-8fdc-a4dc298257b7,007440-50-8,,Copper,kg,dbeb0ac7-0dec-439e-887a-9924cc8005dd,soil,unspecified,
299,Zn,tonnes,soil,Soil - Zinc,84aa799e-9d98-4d34-85e0-516d28ab1be9,487df68b-4994-4027-8fdc-a4dc298257b7,007440-66-6,,Zinc,kg,e1bc9a16-5b6a-494f-98ef-49f461b1a11e,soil,agricultural,
300,Zn,tonnes,soil,Soil - Zinc,8d226423-1351-4366-b09f-d16c9e38683c,487df68b-4994-4027-8fdc-a4dc298257b7,007440-66-6,,Zinc,kg,15f47463-77ea-40d0-bfe8-ca632819f556,soil,forestry,
301,Zn,tonnes,soil,Soil - Zinc,b88999ec-84fd-462d-9dec-7e20a4636a58,487df68b-4994-4027-8fdc-a4dc298257b7,007440-66-6,,Zinc,kg,912f1ae3-734e-4cc6-bbf7-0f36843cd7de,soil,industrial,
302,Zn,tonnes,soil,Soil - Zinc,77887584-ddca-4920-952c-3609730e0c13,487df68b-4994-4027-8fdc-a4dc298257b7,007440-66-6,,Zinc,kg,dbeb0ac7-0dec-439e-887a-9924cc8005dd,soil,unspecified,
303,Pb,tonnes,soil,Soil - Lead,4010918f-7fd0-4925-8fbb-8fd7a44a806c,487df68b-4994-4027-8fdc-a4dc298257b7,007439-92-1,,Lead,kg,e1bc9a16-5b6a-494f-98ef-49f461b1a11e,soil,agricultural,
304,Pb,tonnes,soil,Soil - Lead,837083ce-41cd-49f3-a849-d79564dac238,487df68b-4994-4027-8fdc-a4dc298257b7,007439-92-1,,Lead,kg,15f47463-77ea-40d0-bfe8-ca632819f556,soil,forestry,
305,Pb,tonnes,soil,Soil - Lead,67652827-017f-4856-8d0a-c97bac4c6562,487df68b-4994-4027-8fdc-a4dc298257b7,007439-92-1,,Lead,kg,912f1ae3-734e-4cc6-bbf7-0f36843cd7de,soil,industrial,
306,Pb,tonnes,soil,Soil - Lead,739234c8-5359-48b4-983f-9cb170d68c8d,487df68b-4994-4027-8fdc-a4dc298257b7,007439-92-1,,Lead,kg,dbeb0ac7-0dec-439e-887a-9924cc8005dd,soil,unspecified,
307,Hg,tonnes,soil,Soil - Mercury,ed2d49f8-110d-4db4-9488-f61c349e6117,487df68b-4994-4027-8fdc-a4dc298257b7,007439-97-6,,Mercury,kg,e1bc9a16-5b6a-494f-98ef-49f461b1a11e,soil,agricultural,
308,Hg,tonnes,soil,Soil - Mercury,c486d0f8-f2be-4c5e-b594-9fa5d6942f9e,487df68b-4994-4027-8fdc-a4dc298257b7,007439-97-6,,Mercury,kg,15f47463-77ea-40d0-bfe8-ca632819f556,soil,forestry,
309,Hg,tonnes,soil,Soil - Mercury,e2128dc4-e065-4030-81b3-c978d7bc48ec,487df68b-4994-4027-8fdc-a4dc298257b7,007439-97-6,,Mercury,kg,912f1ae3-734e-4cc6-bbf7-0f36843cd7de,soil,industrial,
310,Hg,tonnes,soil,Soil - Mercury,f7eca11f-546f-4712-ad80-724254685596,487df68b-4994-4027-8fdc-a4dc298257b7,007439-97-6,,Mercury,kg,dbeb0ac7-0dec-439e-887a-9924cc8005dd,soil,unspecified,
311,Cr,tonnes,soil,Soil - Chromium,e7881581-21b3-4f5c-bd63-6b0684b5e712,487df68b-4994-4027-8fdc-a4dc298257b7,007440-47-3,,Chromium,kg,e1bc9a16-5b6a-494f-98ef-49f461b1a11e,soil,agricultural,
312,Cr,tonnes,soil,Soil - Chromium,591de726-f2c7-43ba-8e22-15fd08acc8dc,487df68b-4994-4027-8fdc-a4dc298257b7,007440-47-3,,Chromium,kg,15f47463-77ea-40d0-bfe8-ca632819f556,soil,forestry,
313,Cr,tonnes,soil,Soil - Chromium,e65a9c58-21f1-48b6-b738-d05a8f10e5f3,487df68b-4994-4027-8fdc-a4dc298257b7,007440-47-3,,Chromium,kg,912f1ae3-734e-4cc6-bbf7-0f36843cd7de,soil,industrial,
314,Cr,tonnes,soil,Soil - Chromium,e0336c9b-a0ff-4ae3-b8bb-ca1e46bbbc11,487df68b-4994-4027-8fdc-a4dc298257b7,007440-47-3,,Chromium,kg,dbeb0ac7-0dec-439e-887a-9924cc8005dd,soil,unspecified,
315,Ni,tonnes,soil,Soil - Nickel,b4580545-243d-48d2-a3a0-2633a4f46fb1,487df68b-4994-4027-8fdc-a4dc298257b7,007440-02-0,,Nickel,kg,e1bc9a16-5b6a-494f-98ef-49f461b1a11e,soil,agricultural,
316,Ni,tonnes,soil,Soil - Nickel,5de1943f-b011-45a0-97d4-ed15eea6a382,487df68b-4994-4027-8fdc-a4dc298257b7,007440-02-0,,Nickel,kg,15f47463-77ea-40d0-bfe8-ca632819f556,soil,forestry,
317,Ni,tonnes,soil,Soil - Nickel,a72a45ee-395a-4d25-b893-9d183e43e76e,487df68b-4994-4027-8fdc-a4dc298257b7,007440-02-0,,Nickel,kg,912f1ae3-734e-4cc6-bbf7-0f36843cd7de,soil,industrial,
318,Ni,tonnes,soil,Soil - Nickel,2bcad3b3-5305-481c-a166-ad5e6eac2675,487df68b-4994-4027-8fdc-a4dc298257b7,007440-02-0,,Nickel,kg,dbeb0ac7-0dec-439e-887a-9924cc8005dd,soil,unspecified,
319,"Carbon dioxide, biogenic",tonnes,air,"Air - Carbon dioxide, biogenic",e4e9febc-07c1-403d-8d3a-6707bb4d96e6,487df68b-4994-4027-8fdc-a4dc298257b7,000124-38-9,,"Carbon dioxide, from soil or biomass stock",kg,7011f0aa-f5f9-4901-8c10-884ad8296812,air,unspecified,
320,"Carbon dioxide, biogenic",tonnes,air,"Air - Carbon dioxide, biogenic",e1c597cc-14cb-4ebb-af07-7a93a5b77d34,487df68b-4994-4027-8fdc-a4dc298257b7,000124-38-9,,"Carbon dioxide, from soil or biomass stock",kg,23dbff79-8037-43e7-b270-5a3da416a284,air,"low population density, long-term",
321,"Carbon dioxide, biogenic",tonnes,air,"Air - Carbon dioxide, biogenic",5188df39-2bb8-4826-b469-fa9f86bacc09,487df68b-4994-4027-8fdc-a4dc298257b7,,,"Carbon dioxide, from soil or biomass stock",kg,6890faa1-312e-427d-9ca8-42309afc8866,air,indoor,
322,"Carbon dioxide, biogenic",tonnes,air,"Air - Carbon dioxide, biogenic",6d89125e-e9b7-4d7e-a1fc-ada45dbd8815,487df68b-4994-4027-8fdc-a4dc298257b7,000124-38-9,,"Carbon dioxide, from soil or biomass stock",kg,f335ce0e-b830-475a-adab-03858d9cbdaf,air,lower stratosphere + upper troposphere,
323,"Carbon dioxide, biogenic",tonnes,air,"Air - Carbon dioxide, biogenic",78eb1859-abd9-44c6-9ce3-f3b5b33d619c,487df68b-4994-4027-8fdc-a4dc298257b7,000124-38-9,,"Carbon dioxide, from soil or biomass stock",kg,be7e06e9-0bf5-462e-99dc-fe4aee383c48,air,non-urban air or from high stacks,
324,"Carbon dioxide, biogenic",tonnes,air,"Air - Carbon dioxide, biogenic",e8787b5e-d927-446d-81a9-f56977bbfeb4,487df68b-4994-4027-8fdc-a4dc298257b7,000124-38-9,,"Carbon dioxide, from soil or biomass stock",kg,e8d7772c-55ca-4dd7-b605-fee5ae764578,air,urban air close to ground,
